file,line,type,commit,author,date,time,timezone,datetime,depth,length
style.css,1,css,25f895fb,boyang102,2025-10-13,18:34:29,-07:00,2025-10-13T18:34:29-07:00,0,69
style.css,2,css,21fd5185,boyang102,2025-10-07,18:34:57,-07:00,2025-10-07T18:34:57-07:00,0,4
style.css,3,css,25f895fb,boyang102,2025-10-13,18:34:29,-07:00,2025-10-13T18:34:29-07:00,1,58
style.css,4,css,25f895fb,boyang102,2025-10-13,18:34:29,-07:00,2025-10-13T18:34:29-07:00,1,55
style.css,5,css,21fd5185,boyang102,2025-10-07,18:34:57,-07:00,2025-10-07T18:34:57-07:00,1,32
style.css,6,css,25f895fb,boyang102,2025-10-13,18:34:29,-07:00,2025-10-13T18:34:29-07:00,1,23
style.css,7,css,25f895fb,boyang102,2025-10-13,18:34:29,-07:00,2025-10-13T18:34:29-07:00,1,16
style.css,8,css,21fd5185,boyang102,2025-10-07,18:34:57,-07:00,2025-10-07T18:34:57-07:00,0,0
style.css,9,css,21fd5185,boyang102,2025-10-07,18:34:57,-07:00,2025-10-07T18:34:57-07:00,0,0
style.css,10,css,25f895fb,boyang102,2025-10-13,18:34:29,-07:00,2025-10-13T18:34:29-07:00,0,42
style.css,11,css,fa4f1b14,boyang102,2025-09-30,16:19:44,-07:00,2025-09-30T16:19:44-07:00,0,4
style.css,12,css,21fd5185,boyang102,2025-10-07,18:34:57,-07:00,2025-10-07T18:34:57-07:00,1,23
style.css,13,css,21fd5185,boyang102,2025-10-07,18:34:57,-07:00,2025-10-07T18:34:57-07:00,1,15
style.css,14,css,21fd5185,boyang102,2025-10-07,18:34:57,-07:00,2025-10-07T18:34:57-07:00,1,18
style.css,15,css,21fd5185,boyang102,2025-10-07,18:34:57,-07:00,2025-10-07T18:34:57-07:00,1,11
style.css,16,css,57d09e6c,boyang102,2025-10-07,16:22:27,-07:00,2025-10-07T16:22:27-07:00,0,0
style.css,17,css,57d09e6c,boyang102,2025-10-07,16:22:27,-07:00,2025-10-07T16:22:27-07:00,0,0
style.css,18,css,25f895fb,boyang102,2025-10-13,18:34:29,-07:00,2025-10-13T18:34:29-07:00,0,40
style.css,19,css,57d09e6c,boyang102,2025-10-07,16:22:27,-07:00,2025-10-07T16:22:27-07:00,0,3
style.css,20,css,21fd5185,boyang102,2025-10-07,18:34:57,-07:00,2025-10-07T18:34:57-07:00,1,12
style.css,21,css,21fd5185,boyang102,2025-10-07,18:34:57,-07:00,2025-10-07T18:34:57-07:00,1,19
style.css,22,css,25f895fb,boyang102,2025-10-13,18:34:29,-07:00,2025-10-13T18:34:29-07:00,1,20
style.css,23,css,25f895fb,boyang102,2025-10-13,18:34:29,-07:00,2025-10-13T18:34:29-07:00,1,43
style.css,24,css,c501ebe1,boyang102,2025-10-30,14:03:16,-07:00,2025-10-30T14:03:16-07:00,1,39
style.css,25,css,57d09e6c,boyang102,2025-10-07,16:22:27,-07:00,2025-10-07T16:22:27-07:00,0,0
style.css,26,css,57d09e6c,boyang102,2025-10-07,16:22:27,-07:00,2025-10-07T16:22:27-07:00,0,0
style.css,27,css,57d09e6c,boyang102,2025-10-07,16:22:27,-07:00,2025-10-07T16:22:27-07:00,0,5
style.css,28,css,21fd5185,boyang102,2025-10-07,18:34:57,-07:00,2025-10-07T18:34:57-07:00,1,6
style.css,29,css,21fd5185,boyang102,2025-10-07,18:34:57,-07:00,2025-10-07T18:34:57-07:00,1,17
style.css,30,css,21fd5185,boyang102,2025-10-07,18:34:57,-07:00,2025-10-07T18:34:57-07:00,1,20
style.css,31,css,21fd5185,boyang102,2025-10-07,18:34:57,-07:00,2025-10-07T18:34:57-07:00,1,13
style.css,32,css,21fd5185,boyang102,2025-10-07,18:34:57,-07:00,2025-10-07T18:34:57-07:00,1,13
style.css,33,css,57d09e6c,boyang102,2025-10-07,16:22:27,-07:00,2025-10-07T16:22:27-07:00,1,15
style.css,34,css,57d09e6c,boyang102,2025-10-07,16:22:27,-07:00,2025-10-07T16:22:27-07:00,0,0
style.css,35,css,57d09e6c,boyang102,2025-10-07,16:22:27,-07:00,2025-10-07T16:22:27-07:00,0,0
style.css,36,css,57d09e6c,boyang102,2025-10-07,16:22:27,-07:00,2025-10-07T16:22:27-07:00,0,11
style.css,37,css,21fd5185,boyang102,2025-10-07,18:34:57,-07:00,2025-10-07T18:34:57-07:00,1,45
style.css,38,css,21fd5185,boyang102,2025-10-07,18:34:57,-07:00,2025-10-07T18:34:57-07:00,1,20
style.css,39,css,21fd5185,boyang102,2025-10-07,18:34:57,-07:00,2025-10-07T18:34:57-07:00,1,25
style.css,40,css,57d09e6c,boyang102,2025-10-07,16:22:27,-07:00,2025-10-07T16:22:27-07:00,0,0
style.css,41,css,57d09e6c,boyang102,2025-10-07,16:22:27,-07:00,2025-10-07T16:22:27-07:00,0,0
style.css,42,css,57d09e6c,boyang102,2025-10-07,16:22:27,-07:00,2025-10-07T16:22:27-07:00,0,13
style.css,43,css,25f895fb,boyang102,2025-10-13,18:34:29,-07:00,2025-10-13T18:34:29-07:00,1,49
style.css,44,css,21fd5185,boyang102,2025-10-07,18:34:57,-07:00,2025-10-07T18:34:57-07:00,1,20
style.css,45,css,21fd5185,boyang102,2025-10-07,18:34:57,-07:00,2025-10-07T18:34:57-07:00,1,16
style.css,46,css,57d09e6c,boyang102,2025-10-07,16:22:27,-07:00,2025-10-07T16:22:27-07:00,0,0
style.css,47,css,57d09e6c,boyang102,2025-10-07,16:22:27,-07:00,2025-10-07T16:22:27-07:00,0,0
style.css,48,css,25f895fb,boyang102,2025-10-13,18:34:29,-07:00,2025-10-13T18:34:29-07:00,0,63
style.css,49,css,25f895fb,boyang102,2025-10-13,18:34:29,-07:00,2025-10-13T18:34:29-07:00,0,13
style.css,50,css,25f895fb,boyang102,2025-10-13,18:34:29,-07:00,2025-10-13T18:34:29-07:00,1,17
style.css,51,css,25f895fb,boyang102,2025-10-13,18:34:29,-07:00,2025-10-13T18:34:29-07:00,1,8
style.css,52,css,25f895fb,boyang102,2025-10-13,18:34:29,-07:00,2025-10-13T18:34:29-07:00,1,10
style.css,53,css,25f895fb,boyang102,2025-10-13,18:34:29,-07:00,2025-10-13T18:34:29-07:00,1,15
style.css,54,css,25f895fb,boyang102,2025-10-13,18:34:29,-07:00,2025-10-13T18:34:29-07:00,1,19
style.css,55,css,25f895fb,boyang102,2025-10-13,18:34:29,-07:00,2025-10-13T18:34:29-07:00,1,62
style.css,56,css,25f895fb,boyang102,2025-10-13,18:34:29,-07:00,2025-10-13T18:34:29-07:00,1,36
style.css,57,css,25f895fb,boyang102,2025-10-13,18:34:29,-07:00,2025-10-13T18:34:29-07:00,1,19
style.css,58,css,25f895fb,boyang102,2025-10-13,18:34:29,-07:00,2025-10-13T18:34:29-07:00,1,19
style.css,59,css,25f895fb,boyang102,2025-10-13,18:34:29,-07:00,2025-10-13T18:34:29-07:00,0,0
style.css,60,css,25f895fb,boyang102,2025-10-13,18:34:29,-07:00,2025-10-13T18:34:29-07:00,0,0
style.css,61,css,25f895fb,boyang102,2025-10-13,18:34:29,-07:00,2025-10-13T18:34:29-07:00,0,20
style.css,62,css,25f895fb,boyang102,2025-10-13,18:34:29,-07:00,2025-10-13T18:34:29-07:00,1,19
style.css,63,css,25f895fb,boyang102,2025-10-13,18:34:29,-07:00,2025-10-13T18:34:29-07:00,1,15
style.css,64,css,25f895fb,boyang102,2025-10-13,18:34:29,-07:00,2025-10-13T18:34:29-07:00,1,18
style.css,65,css,25f895fb,boyang102,2025-10-13,18:34:29,-07:00,2025-10-13T18:34:29-07:00,1,13
style.css,66,css,25f895fb,boyang102,2025-10-13,18:34:29,-07:00,2025-10-13T18:34:29-07:00,1,11
style.css,67,css,25f895fb,boyang102,2025-10-13,18:34:29,-07:00,2025-10-13T18:34:29-07:00,0,0
style.css,68,css,25f895fb,boyang102,2025-10-13,18:34:29,-07:00,2025-10-13T18:34:29-07:00,0,0
style.css,69,css,25f895fb,boyang102,2025-10-13,18:34:29,-07:00,2025-10-13T18:34:29-07:00,0,47
style.css,70,css,57d09e6c,boyang102,2025-10-07,16:22:27,-07:00,2025-10-07T16:22:27-07:00,0,3
style.css,71,css,21fd5185,boyang102,2025-10-07,18:34:57,-07:00,2025-10-07T18:34:57-07:00,1,14
style.css,72,css,57d09e6c,boyang102,2025-10-07,16:22:27,-07:00,2025-10-07T16:22:27-07:00,1,11
style.css,73,css,57d09e6c,boyang102,2025-10-07,16:22:27,-07:00,2025-10-07T16:22:27-07:00,1,18
style.css,74,css,57d09e6c,boyang102,2025-10-07,16:22:27,-07:00,2025-10-07T16:22:27-07:00,1,14
style.css,75,css,21fd5185,boyang102,2025-10-07,18:34:57,-07:00,2025-10-07T18:34:57-07:00,0,0
style.css,76,css,21fd5185,boyang102,2025-10-07,18:34:57,-07:00,2025-10-07T18:34:57-07:00,0,0
style.css,77,css,25f895fb,boyang102,2025-10-13,18:34:29,-07:00,2025-10-13T18:34:29-07:00,0,52
style.css,78,css,21fd5185,boyang102,2025-10-07,18:34:57,-07:00,2025-10-07T18:34:57-07:00,0,4
style.css,79,css,21fd5185,boyang102,2025-10-07,18:34:57,-07:00,2025-10-07T18:34:57-07:00,1,12
style.css,80,css,25f895fb,boyang102,2025-10-13,18:34:29,-07:00,2025-10-13T18:34:29-07:00,1,30
style.css,81,css,25f895fb,boyang102,2025-10-13,18:34:29,-07:00,2025-10-13T18:34:29-07:00,1,7
style.css,82,css,21fd5185,boyang102,2025-10-07,18:34:57,-07:00,2025-10-07T18:34:57-07:00,1,15
style.css,83,css,21fd5185,boyang102,2025-10-07,18:34:57,-07:00,2025-10-07T18:34:57-07:00,1,13
style.css,84,css,21fd5185,boyang102,2025-10-07,18:34:57,-07:00,2025-10-07T18:34:57-07:00,0,0
style.css,85,css,21fd5185,boyang102,2025-10-07,18:34:57,-07:00,2025-10-07T18:34:57-07:00,0,0
style.css,86,css,21fd5185,boyang102,2025-10-07,18:34:57,-07:00,2025-10-07T18:34:57-07:00,0,5
style.css,87,css,25f895fb,boyang102,2025-10-13,18:34:29,-07:00,2025-10-13T18:34:29-07:00,1,16
style.css,88,css,21fd5185,boyang102,2025-10-07,18:34:57,-07:00,2025-10-07T18:34:57-07:00,0,0
style.css,89,css,21fd5185,boyang102,2025-10-07,18:34:57,-07:00,2025-10-07T18:34:57-07:00,0,0
style.css,90,css,21fd5185,boyang102,2025-10-07,18:34:57,-07:00,2025-10-07T18:34:57-07:00,0,4
style.css,91,css,21fd5185,boyang102,2025-10-07,18:34:57,-07:00,2025-10-07T18:34:57-07:00,0,8
style.css,92,css,21fd5185,boyang102,2025-10-07,18:34:57,-07:00,2025-10-07T18:34:57-07:00,1,12
style.css,93,css,21fd5185,boyang102,2025-10-07,18:34:57,-07:00,2025-10-07T18:34:57-07:00,1,13
style.css,94,css,21fd5185,boyang102,2025-10-07,18:34:57,-07:00,2025-10-07T18:34:57-07:00,1,21
style.css,95,css,25f895fb,boyang102,2025-10-13,18:34:29,-07:00,2025-10-13T18:34:29-07:00,1,10
style.css,96,css,21fd5185,boyang102,2025-10-07,18:34:57,-07:00,2025-10-07T18:34:57-07:00,0,0
style.css,97,css,21fd5185,boyang102,2025-10-07,18:34:57,-07:00,2025-10-07T18:34:57-07:00,0,0
style.css,98,css,21fd5185,boyang102,2025-10-07,18:34:57,-07:00,2025-10-07T18:34:57-07:00,0,6
style.css,99,css,25f895fb,boyang102,2025-10-13,18:34:29,-07:00,2025-10-13T18:34:29-07:00,1,18
style.css,100,css,21fd5185,boyang102,2025-10-07,18:34:57,-07:00,2025-10-07T18:34:57-07:00,1,19
style.css,101,css,21fd5185,boyang102,2025-10-07,18:34:57,-07:00,2025-10-07T18:34:57-07:00,1,17
style.css,102,css,21fd5185,boyang102,2025-10-07,18:34:57,-07:00,2025-10-07T18:34:57-07:00,1,12
style.css,103,css,21fd5185,boyang102,2025-10-07,18:34:57,-07:00,2025-10-07T18:34:57-07:00,0,0
style.css,104,css,21fd5185,boyang102,2025-10-07,18:34:57,-07:00,2025-10-07T18:34:57-07:00,0,0
style.css,105,css,25f895fb,boyang102,2025-10-13,18:34:29,-07:00,2025-10-13T18:34:29-07:00,0,46
style.css,106,css,21fd5185,boyang102,2025-10-07,18:34:57,-07:00,2025-10-07T18:34:57-07:00,0,9
style.css,107,css,21fd5185,boyang102,2025-10-07,18:34:57,-07:00,2025-10-07T18:34:57-07:00,1,12
style.css,108,css,21fd5185,boyang102,2025-10-07,18:34:57,-07:00,2025-10-07T18:34:57-07:00,1,58
style.css,109,css,25f895fb,boyang102,2025-10-13,18:34:29,-07:00,2025-10-13T18:34:29-07:00,1,9
style.css,110,css,21fd5185,boyang102,2025-10-07,18:34:57,-07:00,2025-10-07T18:34:57-07:00,0,0
style.css,111,css,21fd5185,boyang102,2025-10-07,18:34:57,-07:00,2025-10-07T18:34:57-07:00,0,0
style.css,112,css,21fd5185,boyang102,2025-10-07,18:34:57,-07:00,2025-10-07T18:34:57-07:00,0,17
style.css,113,css,21fd5185,boyang102,2025-10-07,18:34:57,-07:00,2025-10-07T18:34:57-07:00,1,12
style.css,114,css,25f895fb,boyang102,2025-10-13,18:34:29,-07:00,2025-10-13T18:34:29-07:00,1,26
style.css,115,css,25f895fb,boyang102,2025-10-13,18:34:29,-07:00,2025-10-13T18:34:29-07:00,1,15
style.css,116,css,25f895fb,boyang102,2025-10-13,18:34:29,-07:00,2025-10-13T18:34:29-07:00,1,36
style.css,117,css,21fd5185,boyang102,2025-10-07,18:34:57,-07:00,2025-10-07T18:34:57-07:00,1,19
style.css,118,css,21fd5185,boyang102,2025-10-07,18:34:57,-07:00,2025-10-07T18:34:57-07:00,1,11
style.css,119,css,25f895fb,boyang102,2025-10-13,18:34:29,-07:00,2025-10-13T18:34:29-07:00,1,62
style.css,120,css,25f895fb,boyang102,2025-10-13,18:34:29,-07:00,2025-10-13T18:34:29-07:00,1,7
style.css,121,css,21fd5185,boyang102,2025-10-07,18:34:57,-07:00,2025-10-07T18:34:57-07:00,0,0
style.css,122,css,21fd5185,boyang102,2025-10-07,18:34:57,-07:00,2025-10-07T18:34:57-07:00,0,0
style.css,123,css,21fd5185,boyang102,2025-10-07,18:34:57,-07:00,2025-10-07T18:34:57-07:00,0,12
style.css,124,css,25f895fb,boyang102,2025-10-13,18:34:29,-07:00,2025-10-13T18:34:29-07:00,1,8
style.css,125,css,21fd5185,boyang102,2025-10-07,18:34:57,-07:00,2025-10-07T18:34:57-07:00,0,0
style.css,126,css,21fd5185,boyang102,2025-10-07,18:34:57,-07:00,2025-10-07T18:34:57-07:00,0,0
style.css,127,css,21fd5185,boyang102,2025-10-07,18:34:57,-07:00,2025-10-07T18:34:57-07:00,0,13
style.css,128,css,21fd5185,boyang102,2025-10-07,18:34:57,-07:00,2025-10-07T18:34:57-07:00,1,14
style.css,129,css,21fd5185,boyang102,2025-10-07,18:34:57,-07:00,2025-10-07T18:34:57-07:00,1,11
style.css,130,css,21fd5185,boyang102,2025-10-07,18:34:57,-07:00,2025-10-07T18:34:57-07:00,1,13
style.css,131,css,25f895fb,boyang102,2025-10-13,18:34:29,-07:00,2025-10-13T18:34:29-07:00,1,8
style.css,132,css,21fd5185,boyang102,2025-10-07,18:34:57,-07:00,2025-10-07T18:34:57-07:00,0,0
style.css,133,css,21fd5185,boyang102,2025-10-07,18:34:57,-07:00,2025-10-07T18:34:57-07:00,0,0
style.css,134,css,25f895fb,boyang102,2025-10-13,18:34:29,-07:00,2025-10-13T18:34:29-07:00,0,44
style.css,135,css,21fd5185,boyang102,2025-10-07,18:34:57,-07:00,2025-10-07T18:34:57-07:00,0,22
style.css,136,css,21fd5185,boyang102,2025-10-07,18:34:57,-07:00,2025-10-07T18:34:57-07:00,1,15
style.css,137,css,25f895fb,boyang102,2025-10-13,18:34:29,-07:00,2025-10-13T18:34:29-07:00,1,17
style.css,138,css,21fd5185,boyang102,2025-10-07,18:34:57,-07:00,2025-10-07T18:34:57-07:00,1,16
style.css,139,css,21fd5185,boyang102,2025-10-07,18:34:57,-07:00,2025-10-07T18:34:57-07:00,1,19
style.css,140,css,21fd5185,boyang102,2025-10-07,18:34:57,-07:00,2025-10-07T18:34:57-07:00,0,0
style.css,141,css,21fd5185,boyang102,2025-10-07,18:34:57,-07:00,2025-10-07T18:34:57-07:00,0,0
style.css,142,css,21fd5185,boyang102,2025-10-07,18:34:57,-07:00,2025-10-07T18:34:57-07:00,0,2
style.css,143,css,25f895fb,boyang102,2025-10-13,18:34:29,-07:00,2025-10-13T18:34:29-07:00,1,14
style.css,144,css,21fd5185,boyang102,2025-10-07,18:34:57,-07:00,2025-10-07T18:34:57-07:00,0,0
style.css,145,css,21fd5185,boyang102,2025-10-07,18:34:57,-07:00,2025-10-07T18:34:57-07:00,0,0
style.css,146,css,21fd5185,boyang102,2025-10-07,18:34:57,-07:00,2025-10-07T18:34:57-07:00,0,2
style.css,147,css,25f895fb,boyang102,2025-10-13,18:34:29,-07:00,2025-10-13T18:34:29-07:00,1,14
style.css,148,css,21fd5185,boyang102,2025-10-07,18:34:57,-07:00,2025-10-07T18:34:57-07:00,0,0
style.css,149,css,21fd5185,boyang102,2025-10-07,18:34:57,-07:00,2025-10-07T18:34:57-07:00,0,0
style.css,150,css,21fd5185,boyang102,2025-10-07,18:34:57,-07:00,2025-10-07T18:34:57-07:00,0,2
style.css,151,css,21fd5185,boyang102,2025-10-07,18:34:57,-07:00,2025-10-07T18:34:57-07:00,1,14
style.css,152,css,883e8cbb,boyang102,2025-10-30,13:43:47,-07:00,2025-10-30T13:43:47-07:00,0,0
style.css,153,css,883e8cbb,boyang102,2025-10-30,13:43:47,-07:00,2025-10-30T13:43:47-07:00,0,0
style.css,154,css,883e8cbb,boyang102,2025-10-30,13:43:47,-07:00,2025-10-30T13:43:47-07:00,0,56
style.css,155,css,883e8cbb,boyang102,2025-10-30,13:43:47,-07:00,2025-10-30T13:43:47-07:00,0,18
style.css,156,css,883e8cbb,boyang102,2025-10-30,13:43:47,-07:00,2025-10-30T13:43:47-07:00,1,14
style.css,157,css,883e8cbb,boyang102,2025-10-30,13:43:47,-07:00,2025-10-30T13:43:47-07:00,1,16
style.css,158,css,883e8cbb,boyang102,2025-10-30,13:43:47,-07:00,2025-10-30T13:43:47-07:00,1,16
style.css,159,css,883e8cbb,boyang102,2025-10-30,13:43:47,-07:00,2025-10-30T13:43:47-07:00,1,13
style.css,160,css,883e8cbb,boyang102,2025-10-30,13:43:47,-07:00,2025-10-30T13:43:47-07:00,1,16
style.css,161,css,883e8cbb,boyang102,2025-10-30,13:43:47,-07:00,2025-10-30T13:43:47-07:00,1,17
style.css,162,css,073d7fd2,boyang102,2025-10-30,14:18:32,-07:00,2025-10-30T14:18:32-07:00,0,0
style.css,163,css,073d7fd2,boyang102,2025-10-30,14:18:32,-07:00,2025-10-30T14:18:32-07:00,0,0
style.css,164,css,073d7fd2,boyang102,2025-10-30,14:18:32,-07:00,2025-10-30T14:18:32-07:00,0,54
style.css,165,css,073d7fd2,boyang102,2025-10-30,14:18:32,-07:00,2025-10-30T14:18:32-07:00,0,16
style.css,166,css,073d7fd2,boyang102,2025-10-30,14:18:32,-07:00,2025-10-30T14:18:32-07:00,1,12
style.css,167,css,073d7fd2,boyang102,2025-10-30,14:18:32,-07:00,2025-10-30T14:18:32-07:00,1,14
style.css,168,css,073d7fd2,boyang102,2025-10-30,14:18:32,-07:00,2025-10-30T14:18:32-07:00,1,22
style.css,169,css,073d7fd2,boyang102,2025-10-30,14:18:32,-07:00,2025-10-30T14:18:32-07:00,1,22
style.css,170,css,073d7fd2,boyang102,2025-10-30,14:18:32,-07:00,2025-10-30T14:18:32-07:00,1,7
style.css,171,css,073d7fd2,boyang102,2025-10-30,14:18:32,-07:00,2025-10-30T14:18:32-07:00,1,16
style.css,172,css,073d7fd2,boyang102,2025-10-30,14:18:32,-07:00,2025-10-30T14:18:32-07:00,0,0
style.css,173,css,073d7fd2,boyang102,2025-10-30,14:18:32,-07:00,2025-10-30T14:18:32-07:00,0,0
style.css,174,css,073d7fd2,boyang102,2025-10-30,14:18:32,-07:00,2025-10-30T14:18:32-07:00,0,18
style.css,175,css,073d7fd2,boyang102,2025-10-30,14:18:32,-07:00,2025-10-30T14:18:32-07:00,1,14
style.css,176,css,073d7fd2,boyang102,2025-10-30,14:18:32,-07:00,2025-10-30T14:18:32-07:00,1,18
style.css,177,css,073d7fd2,boyang102,2025-10-30,14:18:32,-07:00,2025-10-30T14:18:32-07:00,1,13
style.css,178,css,073d7fd2,boyang102,2025-10-30,14:18:32,-07:00,2025-10-30T14:18:32-07:00,1,16
style.css,179,css,073d7fd2,boyang102,2025-10-30,14:18:32,-07:00,2025-10-30T14:18:32-07:00,0,0
style.css,180,css,073d7fd2,boyang102,2025-10-30,14:18:32,-07:00,2025-10-30T14:18:32-07:00,0,0
style.css,181,css,073d7fd2,boyang102,2025-10-30,14:18:32,-07:00,2025-10-30T14:18:32-07:00,0,15
style.css,182,css,073d7fd2,boyang102,2025-10-30,14:18:32,-07:00,2025-10-30T14:18:32-07:00,0,7
style.css,183,css,073d7fd2,boyang102,2025-10-30,14:18:32,-07:00,2025-10-30T14:18:32-07:00,1,12
style.css,184,css,073d7fd2,boyang102,2025-10-30,14:18:32,-07:00,2025-10-30T14:18:32-07:00,1,57
style.css,185,css,073d7fd2,boyang102,2025-10-30,14:18:32,-07:00,2025-10-30T14:18:32-07:00,1,7
style.css,186,css,073d7fd2,boyang102,2025-10-30,14:18:32,-07:00,2025-10-30T14:18:32-07:00,1,36
style.css,187,css,073d7fd2,boyang102,2025-10-30,14:18:32,-07:00,2025-10-30T14:18:32-07:00,1,11
style.css,188,css,073d7fd2,boyang102,2025-10-30,14:18:32,-07:00,2025-10-30T14:18:32-07:00,1,19
style.css,189,css,073d7fd2,boyang102,2025-10-30,14:18:32,-07:00,2025-10-30T14:18:32-07:00,1,62
style.css,190,css,073d7fd2,boyang102,2025-10-30,14:18:32,-07:00,2025-10-30T14:18:32-07:00,1,15
style.css,191,css,073d7fd2,boyang102,2025-10-30,14:18:32,-07:00,2025-10-30T14:18:32-07:00,1,8
style.css,192,css,073d7fd2,boyang102,2025-10-30,14:18:32,-07:00,2025-10-30T14:18:32-07:00,0,0
style.css,193,css,073d7fd2,boyang102,2025-10-30,14:18:32,-07:00,2025-10-30T14:18:32-07:00,0,0
style.css,194,css,073d7fd2,boyang102,2025-10-30,14:18:32,-07:00,2025-10-30T14:18:32-07:00,0,20
style.css,195,css,073d7fd2,boyang102,2025-10-30,14:18:32,-07:00,2025-10-30T14:18:32-07:00,0,10
style.css,196,css,073d7fd2,boyang102,2025-10-30,14:18:32,-07:00,2025-10-30T14:18:32-07:00,1,12
style.css,197,css,073d7fd2,boyang102,2025-10-30,14:18:32,-07:00,2025-10-30T14:18:32-07:00,1,18
style.css,198,css,073d7fd2,boyang102,2025-10-30,14:18:32,-07:00,2025-10-30T14:18:32-07:00,1,9
style.css,199,css,073d7fd2,boyang102,2025-10-30,14:18:32,-07:00,2025-10-30T14:18:32-07:00,1,15
style.css,200,css,073d7fd2,boyang102,2025-10-30,14:18:32,-07:00,2025-10-30T14:18:32-07:00,0,0
style.css,201,css,073d7fd2,boyang102,2025-10-30,14:18:32,-07:00,2025-10-30T14:18:32-07:00,0,0
style.css,202,css,073d7fd2,boyang102,2025-10-30,14:18:32,-07:00,2025-10-30T14:18:32-07:00,0,20
style.css,203,css,073d7fd2,boyang102,2025-10-30,14:18:32,-07:00,2025-10-30T14:18:32-07:00,0,15
style.css,204,css,073d7fd2,boyang102,2025-10-30,14:18:32,-07:00,2025-10-30T14:18:32-07:00,1,9
style.css,205,css,073d7fd2,boyang102,2025-10-30,14:18:32,-07:00,2025-10-30T14:18:32-07:00,1,10
style.css,206,css,073d7fd2,boyang102,2025-10-30,14:18:32,-07:00,2025-10-30T14:18:32-07:00,1,17
style.css,207,css,073d7fd2,boyang102,2025-10-30,14:18:32,-07:00,2025-10-30T14:18:32-07:00,1,29
style.css,208,css,073d7fd2,boyang102,2025-10-30,14:18:32,-07:00,2025-10-30T14:18:32-07:00,1,20
style.css,209,css,fee29de1,boyang102,2025-10-30,14:37:29,-07:00,2025-10-30T14:37:29-07:00,0,0
style.css,210,css,fee29de1,boyang102,2025-10-30,14:37:29,-07:00,2025-10-30T14:37:29-07:00,0,0
style.css,211,css,fee29de1,boyang102,2025-10-30,14:37:29,-07:00,2025-10-30T14:37:29-07:00,0,36
style.css,212,css,fee29de1,boyang102,2025-10-30,14:37:29,-07:00,2025-10-30T14:37:29-07:00,0,10
style.css,213,css,fee29de1,boyang102,2025-10-30,14:37:29,-07:00,2025-10-30T14:37:29-07:00,1,13
style.css,214,css,fee29de1,boyang102,2025-10-30,14:37:29,-07:00,2025-10-30T14:37:29-07:00,1,24
style.css,215,css,fee29de1,boyang102,2025-10-30,14:37:29,-07:00,2025-10-30T14:37:29-07:00,1,17
style.css,216,css,fee29de1,boyang102,2025-10-30,14:37:29,-07:00,2025-10-30T14:37:29-07:00,1,10
style.css,217,css,fee29de1,boyang102,2025-10-30,14:37:29,-07:00,2025-10-30T14:37:29-07:00,1,15
style.css,218,css,fee29de1,boyang102,2025-10-30,14:37:29,-07:00,2025-10-30T14:37:29-07:00,1,13
style.css,219,css,fee29de1,boyang102,2025-10-30,14:37:29,-07:00,2025-10-30T14:37:29-07:00,1,36
style.css,220,css,fee29de1,boyang102,2025-10-30,14:37:29,-07:00,2025-10-30T14:37:29-07:00,1,19
style.css,221,css,fee29de1,boyang102,2025-10-30,14:37:29,-07:00,2025-10-30T14:37:29-07:00,0,0
style.css,222,css,fee29de1,boyang102,2025-10-30,14:37:29,-07:00,2025-10-30T14:37:29-07:00,0,0
style.css,223,css,fee29de1,boyang102,2025-10-30,14:37:29,-07:00,2025-10-30T14:37:29-07:00,0,50
style.css,224,css,fee29de1,boyang102,2025-10-30,14:37:29,-07:00,2025-10-30T14:37:29-07:00,0,23
style.css,225,css,fee29de1,boyang102,2025-10-30,14:37:29,-07:00,2025-10-30T14:37:29-07:00,1,16
style.css,226,css,5b674fd5,boyang102,2025-10-30,14:40:37,-07:00,2025-10-30T14:40:37-07:00,1,14
style.css,227,css,fee29de1,boyang102,2025-10-30,14:37:29,-07:00,2025-10-30T14:37:29-07:00,0,0
style.css,228,css,fee29de1,boyang102,2025-10-30,14:37:29,-07:00,2025-10-30T14:37:29-07:00,0,51
style.css,229,css,fee29de1,boyang102,2025-10-30,14:37:29,-07:00,2025-10-30T14:37:29-07:00,1,11
style.css,230,css,fee29de1,boyang102,2025-10-30,14:37:29,-07:00,2025-10-30T14:37:29-07:00,0,0
style.css,231,css,fee29de1,boyang102,2025-10-30,14:37:29,-07:00,2025-10-30T14:37:29-07:00,0,9
style.css,232,css,fee29de1,boyang102,2025-10-30,14:37:29,-07:00,2025-10-30T14:37:29-07:00,1,35
style.css,233,css,fee29de1,boyang102,2025-10-30,14:37:29,-07:00,2025-10-30T14:37:29-07:00,0,0
style.css,234,css,fee29de1,boyang102,2025-10-30,14:37:29,-07:00,2025-10-30T14:37:29-07:00,0,18
style.css,235,css,fee29de1,boyang102,2025-10-30,14:37:29,-07:00,2025-10-30T14:37:29-07:00,1,17
style.css,236,css,80ab467e,boyang102,2025-10-30,14:55:48,-07:00,2025-10-30T14:55:48-07:00,0,0
style.css,237,css,80ab467e,boyang102,2025-10-30,14:55:48,-07:00,2025-10-30T14:55:48-07:00,0,0
style.css,238,css,80ab467e,boyang102,2025-10-30,14:55:48,-07:00,2025-10-30T14:55:48-07:00,0,40
style.css,239,css,80ab467e,boyang102,2025-10-30,14:55:48,-07:00,2025-10-30T14:55:48-07:00,0,17
style.css,240,css,80ab467e,boyang102,2025-10-30,14:55:48,-07:00,2025-10-30T14:55:48-07:00,1,12
style.css,241,css,80ab467e,boyang102,2025-10-30,14:55:48,-07:00,2025-10-30T14:55:48-07:00,1,21
style.css,242,css,80ab467e,boyang102,2025-10-30,14:55:48,-07:00,2025-10-30T14:55:48-07:00,1,42
style.css,243,css,80ab467e,boyang102,2025-10-30,14:55:48,-07:00,2025-10-30T14:55:48-07:00,0,0
style.css,244,css,80ab467e,boyang102,2025-10-30,14:55:48,-07:00,2025-10-30T14:55:48-07:00,0,0
style.css,245,css,80ab467e,boyang102,2025-10-30,14:55:48,-07:00,2025-10-30T14:55:48-07:00,0,13
style.css,246,css,80ab467e,boyang102,2025-10-30,14:55:48,-07:00,2025-10-30T14:55:48-07:00,1,12
style.css,247,css,80ab467e,boyang102,2025-10-30,14:55:48,-07:00,2025-10-30T14:55:48-07:00,1,21
style.css,248,css,80ab467e,boyang102,2025-10-30,14:55:48,-07:00,2025-10-30T14:55:48-07:00,1,35
style.css,249,css,80ab467e,boyang102,2025-10-30,14:55:48,-07:00,2025-10-30T14:55:48-07:00,0,0
style.css,250,css,80ab467e,boyang102,2025-10-30,14:55:48,-07:00,2025-10-30T14:55:48-07:00,0,0
style.css,251,css,80ab467e,boyang102,2025-10-30,14:55:48,-07:00,2025-10-30T14:55:48-07:00,0,13
style.css,252,css,80ab467e,boyang102,2025-10-30,14:55:48,-07:00,2025-10-30T14:55:48-07:00,1,42
style.css,253,css,80ab467e,boyang102,2025-10-30,14:55:48,-07:00,2025-10-30T14:55:48-07:00,0,0
style.css,254,css,80ab467e,boyang102,2025-10-30,14:55:48,-07:00,2025-10-30T14:55:48-07:00,0,0
style.css,255,css,80ab467e,boyang102,2025-10-30,14:55:48,-07:00,2025-10-30T14:55:48-07:00,0,13
style.css,256,css,80ab467e,boyang102,2025-10-30,14:55:48,-07:00,2025-10-30T14:55:48-07:00,1,8
style.css,257,css,80ab467e,boyang102,2025-10-30,14:55:48,-07:00,2025-10-30T14:55:48-07:00,1,25
style.css,258,css,80ab467e,boyang102,2025-10-30,14:55:48,-07:00,2025-10-30T14:55:48-07:00,1,49
style.css,259,css,80ab467e,boyang102,2025-10-30,14:55:48,-07:00,2025-10-30T14:55:48-07:00,1,34
style.css,260,css,80ab467e,boyang102,2025-10-30,14:55:48,-07:00,2025-10-30T14:55:48-07:00,1,16
style.css,261,css,80ab467e,boyang102,2025-10-30,14:55:48,-07:00,2025-10-30T14:55:48-07:00,0,0
style.css,262,css,80ab467e,boyang102,2025-10-30,14:55:48,-07:00,2025-10-30T14:55:48-07:00,0,0
style.css,263,css,80ab467e,boyang102,2025-10-30,14:55:48,-07:00,2025-10-30T14:55:48-07:00,0,32
style.css,264,css,80ab467e,boyang102,2025-10-30,14:55:48,-07:00,2025-10-30T14:55:48-07:00,0,7
style.css,265,css,80ab467e,boyang102,2025-10-30,14:55:48,-07:00,2025-10-30T14:55:48-07:00,1,75
style.css,266,css,57d09e6c,boyang102,2025-10-07,16:22:27,-07:00,2025-10-07T16:22:27-07:00,0,0
projects.js,1,js,453122fd,boyang102,2025-11-04,19:49:29,-08:00,2025-11-04T19:49:29-08:00,0,12
projects.js,2,js,453122fd,boyang102,2025-11-04,19:49:29,-08:00,2025-11-04T19:49:29-08:00,0,59
projects.js,3,js,453122fd,boyang102,2025-11-04,19:49:29,-08:00,2025-11-04T19:49:29-08:00,0,0
projects.js,4,js,453122fd,boyang102,2025-11-04,19:49:29,-08:00,2025-11-04T19:49:29-08:00,0,51
projects.js,5,js,453122fd,boyang102,2025-11-04,19:49:29,-08:00,2025-11-04T19:49:29-08:00,0,12
projects.js,6,js,453122fd,boyang102,2025-11-04,19:49:29,-08:00,2025-11-04T19:49:29-08:00,1,27
projects.js,7,js,453122fd,boyang102,2025-11-04,19:49:29,-08:00,2025-11-04T19:49:29-08:00,1,34
projects.js,8,js,453122fd,boyang102,2025-11-04,19:49:29,-08:00,2025-11-04T19:49:29-08:00,0,0
projects.js,9,js,453122fd,boyang102,2025-11-04,19:49:29,-08:00,2025-11-04T19:49:29-08:00,0,16
projects.js,10,js,453122fd,boyang102,2025-11-04,19:49:29,-08:00,2025-11-04T19:49:29-08:00,0,28
projects.js,11,js,453122fd,boyang102,2025-11-04,19:49:29,-08:00,2025-11-04T19:49:29-08:00,0,0
projects.js,12,js,453122fd,boyang102,2025-11-04,19:49:29,-08:00,2025-11-04T19:49:29-08:00,0,30
projects.js,13,js,453122fd,boyang102,2025-11-04,19:49:29,-08:00,2025-11-04T19:49:29-08:00,0,57
projects.js,14,js,453122fd,boyang102,2025-11-04,19:49:29,-08:00,2025-11-04T19:49:29-08:00,0,0
projects.js,15,js,453122fd,boyang102,2025-11-04,19:49:29,-08:00,2025-11-04T19:49:29-08:00,0,46
projects.js,16,js,453122fd,boyang102,2025-11-04,19:49:29,-08:00,2025-11-04T19:49:29-08:00,0,28
projects.js,17,js,453122fd,boyang102,2025-11-04,19:49:29,-08:00,2025-11-04T19:49:29-08:00,0,0
projects.js,18,js,453122fd,boyang102,2025-11-04,19:49:29,-08:00,2025-11-04T19:49:29-08:00,0,17
projects.js,19,js,453122fd,boyang102,2025-11-04,19:49:29,-08:00,2025-11-04T19:49:29-08:00,0,33
projects.js,20,js,453122fd,boyang102,2025-11-04,19:49:29,-08:00,2025-11-04T19:49:29-08:00,0,0
projects.js,21,js,453122fd,boyang102,2025-11-04,19:49:29,-08:00,2025-11-04T19:49:29-08:00,0,17
projects.js,22,js,453122fd,boyang102,2025-11-04,19:49:29,-08:00,2025-11-04T19:49:29-08:00,0,47
projects.js,23,js,453122fd,boyang102,2025-11-04,19:49:29,-08:00,2025-11-04T19:49:29-08:00,0,0
projects.js,24,js,453122fd,boyang102,2025-11-04,19:49:29,-08:00,2025-11-04T19:49:29-08:00,0,21
projects.js,25,js,453122fd,boyang102,2025-11-04,19:49:29,-08:00,2025-11-04T19:49:29-08:00,0,27
projects.js,26,js,453122fd,boyang102,2025-11-04,19:49:29,-08:00,2025-11-04T19:49:29-08:00,1,16
projects.js,27,js,453122fd,boyang102,2025-11-04,19:49:29,-08:00,2025-11-04T19:49:29-08:00,2,25
projects.js,28,js,453122fd,boyang102,2025-11-04,19:49:29,-08:00,2025-11-04T19:49:29-08:00,2,24
projects.js,29,js,453122fd,boyang102,2025-11-04,19:49:29,-08:00,2025-11-04T19:49:29-08:00,2,22
projects.js,30,js,453122fd,boyang102,2025-11-04,19:49:29,-08:00,2025-11-04T19:49:29-08:00,2,25
projects.js,31,js,453122fd,boyang102,2025-11-04,19:49:29,-08:00,2025-11-04T19:49:29-08:00,0,1
index.js,1,js,d49dd0fd,boyang102,2025-10-21,15:10:42,-07:00,2025-10-21T15:10:42-07:00,0,71
index.js,2,js,259d2c9e,boyang102,2025-10-21,14:40:38,-07:00,2025-10-21T14:40:38-07:00,0,0
index.js,3,js,259d2c9e,boyang102,2025-10-21,14:40:38,-07:00,2025-10-21T14:40:38-07:00,0,21
index.js,4,js,8d03edbf,boyang102,2025-10-21,15:20:01,-07:00,2025-10-21T15:20:01-07:00,1,41
index.js,5,js,d49dd0fd,boyang102,2025-10-21,15:10:42,-07:00,2025-10-21T15:10:42-07:00,1,63
index.js,6,js,d49dd0fd,boyang102,2025-10-21,15:10:42,-07:00,2025-10-21T15:10:42-07:00,1,42
index.js,7,js,259d2c9e,boyang102,2025-10-21,14:40:38,-07:00,2025-10-21T14:40:38-07:00,1,60
index.js,8,js,259d2c9e,boyang102,2025-10-21,14:40:38,-07:00,2025-10-21T14:40:38-07:00,1,54
index.js,9,js,d49dd0fd,boyang102,2025-10-21,15:10:42,-07:00,2025-10-21T15:10:42-07:00,0,0
index.js,10,js,8d03edbf,boyang102,2025-10-21,15:20:01,-07:00,2025-10-21T15:20:01-07:00,1,43
index.js,11,js,d49dd0fd,boyang102,2025-10-21,15:10:42,-07:00,2025-10-21T15:10:42-07:00,1,60
index.js,12,js,8d03edbf,boyang102,2025-10-21,15:20:01,-07:00,2025-10-21T15:20:01-07:00,1,74
index.js,13,js,d49dd0fd,boyang102,2025-10-21,15:10:42,-07:00,2025-10-21T15:10:42-07:00,0,0
index.js,14,js,d49dd0fd,boyang102,2025-10-21,15:10:42,-07:00,2025-10-21T15:10:42-07:00,1,31
index.js,15,js,d49dd0fd,boyang102,2025-10-21,15:10:42,-07:00,2025-10-21T15:10:42-07:00,2,24
index.js,16,js,d49dd0fd,boyang102,2025-10-21,15:10:42,-07:00,2025-10-21T15:10:42-07:00,3,23
index.js,17,js,d49dd0fd,boyang102,2025-10-21,15:10:42,-07:00,2025-10-21T15:10:42-07:00,4,55
index.js,18,js,d49dd0fd,boyang102,2025-10-21,15:10:42,-07:00,2025-10-21T15:10:42-07:00,4,55
index.js,19,js,d49dd0fd,boyang102,2025-10-21,15:10:42,-07:00,2025-10-21T15:10:42-07:00,4,49
index.js,20,js,d49dd0fd,boyang102,2025-10-21,15:10:42,-07:00,2025-10-21T15:10:42-07:00,4,49
index.js,21,js,d49dd0fd,boyang102,2025-10-21,15:10:42,-07:00,2025-10-21T15:10:42-07:00,3,3
index.js,22,js,d49dd0fd,boyang102,2025-10-21,15:10:42,-07:00,2025-10-21T15:10:42-07:00,2,0
index.js,23,js,d49dd0fd,boyang102,2025-10-21,15:10:42,-07:00,2025-10-21T15:10:42-07:00,1,0
index.js,24,js,259d2c9e,boyang102,2025-10-21,14:40:38,-07:00,2025-10-21T14:40:38-07:00,0,0
index.js,25,js,259d2c9e,boyang102,2025-10-21,14:40:38,-07:00,2025-10-21T14:40:38-07:00,0,0
index.js,26,js,259d2c9e,boyang102,2025-10-21,14:40:38,-07:00,2025-10-21T14:40:38-07:00,0,5
index.html,1,html,db841f2e,boyang102,2025-09-30,15:52:13,-07:00,2025-09-30T15:52:13-07:00,0,13
index.html,2,html,db841f2e,boyang102,2025-09-30,15:52:13,-07:00,2025-09-30T15:52:13-07:00,0,14
index.html,3,html,db841f2e,boyang102,2025-09-30,15:52:13,-07:00,2025-09-30T15:52:13-07:00,0,4
index.html,4,html,4b2b92ac,boyang102,2025-10-13,18:25:05,-07:00,2025-10-13T18:25:05-07:00,1,22
index.html,5,html,4b2b92ac,boyang102,2025-10-13,18:25:05,-07:00,2025-10-13T18:25:05-07:00,1,70
index.html,6,html,ad08748c,boyang102,2025-11-04,20:54:37,-08:00,2025-11-04T20:54:37-08:00,1,31
index.html,7,html,ad08748c,boyang102,2025-11-04,20:54:37,-08:00,2025-11-04T20:54:37-08:00,1,42
index.html,8,html,db841f2e,boyang102,2025-09-30,15:52:13,-07:00,2025-09-30T15:52:13-07:00,0,5
index.html,9,html,db841f2e,boyang102,2025-09-30,15:52:13,-07:00,2025-09-30T15:52:13-07:00,0,4
index.html,10,html,c501ebe1,boyang102,2025-10-30,14:03:16,-07:00,2025-10-30T14:03:16-07:00,1,41
index.html,11,html,c501ebe1,boyang102,2025-10-30,14:03:16,-07:00,2025-10-30T14:03:16-07:00,1,74
index.html,12,html,250372e6,boyang102,2025-09-30,17:02:26,-07:00,2025-09-30T17:02:26-07:00,0,0
index.html,13,html,c501ebe1,boyang102,2025-10-30,14:03:16,-07:00,2025-10-30T14:03:16-07:00,1,32
index.html,14,html,97afdf35,boyang102,2025-10-21,14:46:34,-07:00,2025-10-21T14:46:34-07:00,1,26
index.html,15,html,97afdf35,boyang102,2025-10-21,14:46:34,-07:00,2025-10-21T14:46:34-07:00,0,0
index.html,16,html,ad08748c,boyang102,2025-11-04,20:54:37,-08:00,2025-11-04T20:54:37-08:00,1,15
index.html,17,html,ad08748c,boyang102,2025-11-04,20:54:37,-08:00,2025-11-04T20:54:37-08:00,1,47
index.html,18,html,649d6c23,boyang102,2025-11-04,20:22:33,-08:00,2025-11-04T20:22:33-08:00,1,49
index.html,19,html,db841f2e,boyang102,2025-09-30,15:52:13,-07:00,2025-09-30T15:52:13-07:00,0,5
index.html,20,html,db841f2e,boyang102,2025-09-30,15:52:13,-07:00,2025-09-30T15:52:13-07:00,0,5
global.js,1,js,c445bd41,boyang102,2025-11-04,19:44:35,-08:00,2025-11-04T19:44:35-08:00,0,25
global.js,2,js,c445bd41,boyang102,2025-11-04,19:44:35,-08:00,2025-11-04T19:44:35-08:00,0,0
global.js,3,js,c445bd41,boyang102,2025-11-04,19:44:35,-08:00,2025-11-04T19:44:35-08:00,0,27
global.js,4,js,c445bd41,boyang102,2025-11-04,19:44:35,-08:00,2025-11-04T19:44:35-08:00,0,41
global.js,5,js,c445bd41,boyang102,2025-11-04,19:44:35,-08:00,2025-11-04T19:44:35-08:00,1,52
global.js,6,js,c445bd41,boyang102,2025-11-04,19:44:35,-08:00,2025-11-04T19:44:35-08:00,0,0
global.js,7,js,c445bd41,boyang102,2025-11-04,19:44:35,-08:00,2025-11-04T19:44:35-08:00,0,0
global.js,8,js,c445bd41,boyang102,2025-11-04,19:44:35,-08:00,2025-11-04T19:44:35-08:00,0,28
global.js,9,js,c445bd41,boyang102,2025-11-04,19:44:35,-08:00,2025-11-04T19:44:35-08:00,0,11
global.js,10,js,85bd0e04,boyang102,2025-11-04,21:02:04,-08:00,2025-11-04T21:02:04-08:00,1,35
global.js,11,js,85bd0e04,boyang102,2025-11-04,21:02:04,-08:00,2025-11-04T21:02:04-08:00,1,48
global.js,12,js,85bd0e04,boyang102,2025-11-04,21:02:04,-08:00,2025-11-04T21:02:04-08:00,1,46
global.js,13,js,85bd0e04,boyang102,2025-11-04,21:02:04,-08:00,2025-11-04T21:02:04-08:00,1,44
global.js,14,js,00000000,Not Committed Yet,2025-11-05,09:23:43,-08:00,2025-11-05T09:23:43-08:00,1,40
global.js,15,js,c445bd41,boyang102,2025-11-04,19:44:35,-08:00,2025-11-04T19:44:35-08:00,1,55
global.js,16,js,c445bd41,boyang102,2025-11-04,19:44:35,-08:00,2025-11-04T19:44:35-08:00,0,0
global.js,17,js,c445bd41,boyang102,2025-11-04,19:44:35,-08:00,2025-11-04T19:44:35-08:00,0,0
global.js,18,js,c445bd41,boyang102,2025-11-04,19:44:35,-08:00,2025-11-04T19:44:35-08:00,0,38
global.js,19,js,c445bd41,boyang102,2025-11-04,19:44:35,-08:00,2025-11-04T19:44:35-08:00,0,25
global.js,20,js,c445bd41,boyang102,2025-11-04,19:44:35,-08:00,2025-11-04T19:44:35-08:00,0,0
global.js,21,js,c7c3e8a9,boyang102,2025-11-04,20:50:34,-08:00,2025-11-04T20:50:34-08:00,0,32
global.js,22,js,c7c3e8a9,boyang102,2025-11-04,20:50:34,-08:00,2025-11-04T20:50:34-08:00,0,56
global.js,23,js,c445bd41,boyang102,2025-11-04,19:44:35,-08:00,2025-11-04T19:44:35-08:00,0,15
global.js,24,js,c7c3e8a9,boyang102,2025-11-04,20:50:34,-08:00,2025-11-04T20:50:34-08:00,1,80
global.js,25,js,c445bd41,boyang102,2025-11-04,19:44:35,-08:00,2025-11-04T19:44:35-08:00,2,3
global.js,26,js,c7c3e8a9,boyang102,2025-11-04,20:50:34,-08:00,2025-11-04T20:50:34-08:00,2,12
global.js,27,js,c7c3e8a9,boyang102,2025-11-04,20:50:34,-08:00,2025-11-04T20:50:34-08:00,0,0
global.js,28,js,c445bd41,boyang102,2025-11-04,19:44:35,-08:00,2025-11-04T19:44:35-08:00,0,20
global.js,29,js,c445bd41,boyang102,2025-11-04,19:44:35,-08:00,2025-11-04T19:44:35-08:00,1,14
global.js,30,js,c445bd41,boyang102,2025-11-04,19:44:35,-08:00,2025-11-04T19:44:35-08:00,1,18
global.js,31,js,c445bd41,boyang102,2025-11-04,19:44:35,-08:00,2025-11-04T19:44:35-08:00,0,0
global.js,32,js,c445bd41,boyang102,2025-11-04,19:44:35,-08:00,2025-11-04T19:44:35-08:00,1,51
global.js,33,js,c445bd41,boyang102,2025-11-04,19:44:35,-08:00,2025-11-04T19:44:35-08:00,0,0
global.js,34,js,c445bd41,boyang102,2025-11-04,19:44:35,-08:00,2025-11-04T19:44:35-08:00,1,34
global.js,35,js,c445bd41,boyang102,2025-11-04,19:44:35,-08:00,2025-11-04T19:44:35-08:00,1,11
global.js,36,js,c445bd41,boyang102,2025-11-04,19:44:35,-08:00,2025-11-04T19:44:35-08:00,1,20
global.js,37,js,c445bd41,boyang102,2025-11-04,19:44:35,-08:00,2025-11-04T19:44:35-08:00,0,0
global.js,38,js,c445bd41,boyang102,2025-11-04,19:44:35,-08:00,2025-11-04T19:44:35-08:00,1,17
global.js,39,js,c445bd41,boyang102,2025-11-04,19:44:35,-08:00,2025-11-04T19:44:35-08:00,2,8
global.js,40,js,c445bd41,boyang102,2025-11-04,19:44:35,-08:00,2025-11-04T19:44:35-08:00,2,58
global.js,41,js,c445bd41,boyang102,2025-11-04,19:44:35,-08:00,2025-11-04T19:44:35-08:00,1,0
global.js,42,js,c445bd41,boyang102,2025-11-04,19:44:35,-08:00,2025-11-04T19:44:35-08:00,0,0
global.js,43,js,c445bd41,boyang102,2025-11-04,19:44:35,-08:00,2025-11-04T19:44:35-08:00,1,52
global.js,44,js,c445bd41,boyang102,2025-11-04,19:44:35,-08:00,2025-11-04T19:44:35-08:00,1,12
global.js,45,js,c445bd41,boyang102,2025-11-04,19:44:35,-08:00,2025-11-04T19:44:35-08:00,0,0
global.js,46,js,c445bd41,boyang102,2025-11-04,19:44:35,-08:00,2025-11-04T19:44:35-08:00,0,0
global.js,47,js,c445bd41,boyang102,2025-11-04,19:44:35,-08:00,2025-11-04T19:44:35-08:00,0,27
global.js,48,js,c445bd41,boyang102,2025-11-04,19:44:35,-08:00,2025-11-04T19:44:35-08:00,0,31
global.js,49,js,c445bd41,boyang102,2025-11-04,19:44:35,-08:00,2025-11-04T19:44:35-08:00,1,11
global.js,50,js,c445bd41,boyang102,2025-11-04,19:44:35,-08:00,2025-11-04T19:44:35-08:00,1,0
global.js,51,js,c445bd41,boyang102,2025-11-04,19:44:35,-08:00,2025-11-04T19:44:35-08:00,1,26
global.js,52,js,c445bd41,boyang102,2025-11-04,19:44:35,-08:00,2025-11-04T19:44:35-08:00,2,4
global.js,53,js,c445bd41,boyang102,2025-11-04,19:44:35,-08:00,2025-11-04T19:44:35-08:00,2,6
global.js,54,js,c445bd41,boyang102,2025-11-04,19:44:35,-08:00,2025-11-04T19:44:35-08:00,3,43
global.js,55,js,c445bd41,boyang102,2025-11-04,19:44:35,-08:00,2025-11-04T19:44:35-08:00,3,34
global.js,56,js,c445bd41,boyang102,2025-11-04,19:44:35,-08:00,2025-11-04T19:44:35-08:00,3,32
global.js,57,js,c445bd41,boyang102,2025-11-04,19:44:35,-08:00,2025-11-04T19:44:35-08:00,2,7
global.js,58,js,c445bd41,boyang102,2025-11-04,19:44:35,-08:00,2025-11-04T19:44:35-08:00,1,6
global.js,59,js,c445bd41,boyang102,2025-11-04,19:44:35,-08:00,2025-11-04T19:44:35-08:00,0,0
global.js,60,js,c445bd41,boyang102,2025-11-04,19:44:35,-08:00,2025-11-04T19:44:35-08:00,0,0
global.js,61,js,c445bd41,boyang102,2025-11-04,19:44:35,-08:00,2025-11-04T19:44:35-08:00,0,0
global.js,62,js,c445bd41,boyang102,2025-11-04,19:44:35,-08:00,2025-11-04T19:44:35-08:00,0,58
global.js,63,js,c445bd41,boyang102,2025-11-04,19:44:35,-08:00,2025-11-04T19:44:35-08:00,0,0
global.js,64,js,c445bd41,boyang102,2025-11-04,19:44:35,-08:00,2025-11-04T19:44:35-08:00,0,31
global.js,65,js,c445bd41,boyang102,2025-11-04,19:44:35,-08:00,2025-11-04T19:44:35-08:00,1,65
global.js,66,js,c445bd41,boyang102,2025-11-04,19:44:35,-08:00,2025-11-04T19:44:35-08:00,1,20
global.js,67,js,c445bd41,boyang102,2025-11-04,19:44:35,-08:00,2025-11-04T19:44:35-08:00,0,0
global.js,68,js,c445bd41,boyang102,2025-11-04,19:44:35,-08:00,2025-11-04T19:44:35-08:00,0,0
global.js,69,js,c445bd41,boyang102,2025-11-04,19:44:35,-08:00,2025-11-04T19:44:35-08:00,0,34
global.js,70,js,c445bd41,boyang102,2025-11-04,19:44:35,-08:00,2025-11-04T19:44:35-08:00,1,39
global.js,71,js,c445bd41,boyang102,2025-11-04,19:44:35,-08:00,2025-11-04T19:44:35-08:00,0,0
global.js,72,js,c445bd41,boyang102,2025-11-04,19:44:35,-08:00,2025-11-04T19:44:35-08:00,0,0
global.js,73,js,c445bd41,boyang102,2025-11-04,19:44:35,-08:00,2025-11-04T19:44:35-08:00,0,43
global.js,74,js,c445bd41,boyang102,2025-11-04,19:44:35,-08:00,2025-11-04T19:44:35-08:00,1,32
global.js,75,js,c445bd41,boyang102,2025-11-04,19:44:35,-08:00,2025-11-04T19:44:35-08:00,1,21
global.js,76,js,c445bd41,boyang102,2025-11-04,19:44:35,-08:00,2025-11-04T19:44:35-08:00,1,32
global.js,77,js,c445bd41,boyang102,2025-11-04,19:44:35,-08:00,2025-11-04T19:44:35-08:00,1,46
global.js,78,js,c445bd41,boyang102,2025-11-04,19:44:35,-08:00,2025-11-04T19:44:35-08:00,0,1
global.js,79,js,c445bd41,boyang102,2025-11-04,19:44:35,-08:00,2025-11-04T19:44:35-08:00,0,0
global.js,80,js,c445bd41,boyang102,2025-11-04,19:44:35,-08:00,2025-11-04T19:44:35-08:00,0,27
global.js,81,js,c445bd41,boyang102,2025-11-04,19:44:35,-08:00,2025-11-04T19:44:35-08:00,0,42
global.js,82,js,c445bd41,boyang102,2025-11-04,19:44:35,-08:00,2025-11-04T19:44:35-08:00,0,43
global.js,83,js,c445bd41,boyang102,2025-11-04,19:44:35,-08:00,2025-11-04T19:44:35-08:00,1,21
global.js,84,js,c445bd41,boyang102,2025-11-04,19:44:35,-08:00,2025-11-04T19:44:35-08:00,1,30
global.js,85,js,c445bd41,boyang102,2025-11-04,19:44:35,-08:00,2025-11-04T19:44:35-08:00,1,16
global.js,86,js,c445bd41,boyang102,2025-11-04,19:44:35,-08:00,2025-11-04T19:44:35-08:00,1,31
global.js,87,js,c445bd41,boyang102,2025-11-04,19:44:35,-08:00,2025-11-04T19:44:35-08:00,2,50
global.js,88,js,c445bd41,boyang102,2025-11-04,19:44:35,-08:00,2025-11-04T19:44:35-08:00,1,0
global.js,89,js,c445bd41,boyang102,2025-11-04,19:44:35,-08:00,2025-11-04T19:44:35-08:00,1,47
global.js,90,js,c445bd41,boyang102,2025-11-04,19:44:35,-08:00,2025-11-04T19:44:35-08:00,1,18
global.js,91,js,c445bd41,boyang102,2025-11-04,19:44:35,-08:00,2025-11-04T19:44:35-08:00,0,1
global.js,92,js,c445bd41,boyang102,2025-11-04,19:44:35,-08:00,2025-11-04T19:44:35-08:00,0,0
global.js,93,js,c445bd41,boyang102,2025-11-04,19:44:35,-08:00,2025-11-04T19:44:35-08:00,0,43
global.js,94,js,c445bd41,boyang102,2025-11-04,19:44:35,-08:00,2025-11-04T19:44:35-08:00,0,36
global.js,95,js,c445bd41,boyang102,2025-11-04,19:44:35,-08:00,2025-11-04T19:44:35-08:00,1,3
global.js,96,js,c445bd41,boyang102,2025-11-04,19:44:35,-08:00,2025-11-04T19:44:35-08:00,2,32
global.js,97,js,c445bd41,boyang102,2025-11-04,19:44:35,-08:00,2025-11-04T19:44:35-08:00,2,75
global.js,98,js,c445bd41,boyang102,2025-11-04,19:44:35,-08:00,2025-11-04T19:44:35-08:00,2,27
global.js,99,js,c445bd41,boyang102,2025-11-04,19:44:35,-08:00,2025-11-04T19:44:35-08:00,1,15
global.js,100,js,c445bd41,boyang102,2025-11-04,19:44:35,-08:00,2025-11-04T19:44:35-08:00,2,43
global.js,101,js,c445bd41,boyang102,2025-11-04,19:44:35,-08:00,2025-11-04T19:44:35-08:00,2,8
global.js,102,js,c445bd41,boyang102,2025-11-04,19:44:35,-08:00,2025-11-04T19:44:35-08:00,1,0
global.js,103,js,c445bd41,boyang102,2025-11-04,19:44:35,-08:00,2025-11-04T19:44:35-08:00,0,0
global.js,104,js,c445bd41,boyang102,2025-11-04,19:44:35,-08:00,2025-11-04T19:44:35-08:00,0,0
global.js,105,js,c445bd41,boyang102,2025-11-04,19:44:35,-08:00,2025-11-04T19:44:35-08:00,0,48
global.js,106,js,c445bd41,boyang102,2025-11-04,19:44:35,-08:00,2025-11-04T19:44:35-08:00,0,79
global.js,107,js,c445bd41,boyang102,2025-11-04,19:44:35,-08:00,2025-11-04T19:44:35-08:00,1,74
global.js,108,js,c445bd41,boyang102,2025-11-04,19:44:35,-08:00,2025-11-04T19:44:35-08:00,0,0
global.js,109,js,c445bd41,boyang102,2025-11-04,19:44:35,-08:00,2025-11-04T19:44:35-08:00,1,30
global.js,110,js,c445bd41,boyang102,2025-11-04,19:44:35,-08:00,2025-11-04T19:44:35-08:00,0,0
global.js,111,js,c445bd41,boyang102,2025-11-04,19:44:35,-08:00,2025-11-04T19:44:35-08:00,1,31
global.js,112,js,c445bd41,boyang102,2025-11-04,19:44:35,-08:00,2025-11-04T19:44:35-08:00,2,48
global.js,113,js,c445bd41,boyang102,2025-11-04,19:44:35,-08:00,2025-11-04T19:44:35-08:00,2,19
global.js,114,js,c445bd41,boyang102,2025-11-04,19:44:35,-08:00,2025-11-04T19:44:35-08:00,3,93
global.js,115,js,c445bd41,boyang102,2025-11-04,19:44:35,-08:00,2025-11-04T19:44:35-08:00,3,80
global.js,116,js,c445bd41,boyang102,2025-11-04,19:44:35,-08:00,2025-11-04T19:44:35-08:00,5,37
global.js,117,js,c445bd41,boyang102,2025-11-04,19:44:35,-08:00,2025-11-04T19:44:35-08:00,0,0
global.js,118,js,c445bd41,boyang102,2025-11-04,19:44:35,-08:00,2025-11-04T19:44:35-08:00,3,24
global.js,119,js,c445bd41,boyang102,2025-11-04,19:44:35,-08:00,2025-11-04T19:44:35-08:00,4,54
global.js,120,js,c445bd41,boyang102,2025-11-04,19:44:35,-08:00,2025-11-04T19:44:35-08:00,4,69
global.js,121,js,c445bd41,boyang102,2025-11-04,19:44:35,-08:00,2025-11-04T19:44:35-08:00,3,4
global.js,122,js,c445bd41,boyang102,2025-11-04,19:44:35,-08:00,2025-11-04T19:44:35-08:00,2,0
global.js,123,js,c445bd41,boyang102,2025-11-04,19:44:35,-08:00,2025-11-04T19:44:35-08:00,2,36
global.js,124,js,c445bd41,boyang102,2025-11-04,19:44:35,-08:00,2025-11-04T19:44:35-08:00,1,0
global.js,125,js,c445bd41,boyang102,2025-11-04,19:44:35,-08:00,2025-11-04T19:44:35-08:00,0,0
global.js,126,js,c445bd41,boyang102,2025-11-04,19:44:35,-08:00,2025-11-04T19:44:35-08:00,0,0
global.js,127,js,c445bd41,boyang102,2025-11-04,19:44:35,-08:00,2025-11-04T19:44:35-08:00,0,50
global.js,128,js,c445bd41,boyang102,2025-11-04,19:44:35,-08:00,2025-11-04T19:44:35-08:00,0,47
global.js,129,js,c445bd41,boyang102,2025-11-04,19:44:35,-08:00,2025-11-04T19:44:35-08:00,1,59
global.js,130,js,c445bd41,boyang102,2025-11-04,19:44:35,-08:00,2025-11-04T19:44:35-08:00,0,0
resume/index.html,1,html,250372e6,boyang102,2025-09-30,17:02:26,-07:00,2025-09-30T17:02:26-07:00,0,13
resume/index.html,2,html,250372e6,boyang102,2025-09-30,17:02:26,-07:00,2025-09-30T17:02:26-07:00,0,14
resume/index.html,3,html,250372e6,boyang102,2025-09-30,17:02:26,-07:00,2025-09-30T17:02:26-07:00,0,4
resume/index.html,4,html,4b2b92ac,boyang102,2025-10-13,18:25:05,-07:00,2025-10-13T18:25:05-07:00,1,22
resume/index.html,5,html,4b2b92ac,boyang102,2025-10-13,18:25:05,-07:00,2025-10-13T18:25:05-07:00,1,70
resume/index.html,6,html,4b2b92ac,boyang102,2025-10-13,18:25:05,-07:00,2025-10-13T18:25:05-07:00,1,33
resume/index.html,7,html,4b2b92ac,boyang102,2025-10-13,18:25:05,-07:00,2025-10-13T18:25:05-07:00,1,43
resume/index.html,8,html,250372e6,boyang102,2025-09-30,17:02:26,-07:00,2025-09-30T17:02:26-07:00,0,5
resume/index.html,9,html,250372e6,boyang102,2025-09-30,17:02:26,-07:00,2025-09-30T17:02:26-07:00,0,4
resume/index.html,10,html,4b2b92ac,boyang102,2025-10-13,18:25:05,-07:00,2025-10-13T18:25:05-07:00,1,13
resume/index.html,11,html,250372e6,boyang102,2025-09-30,17:02:26,-07:00,2025-09-30T17:02:26-07:00,0,0
resume/index.html,12,html,4b2b92ac,boyang102,2025-10-13,18:25:05,-07:00,2025-10-13T18:25:05-07:00,1,7
resume/index.html,13,html,4b2b92ac,boyang102,2025-10-13,18:25:05,-07:00,2025-10-13T18:25:05-07:00,2,16
resume/index.html,14,html,4b2b92ac,boyang102,2025-10-13,18:25:05,-07:00,2025-10-13T18:25:05-07:00,2,7
resume/index.html,15,html,4b2b92ac,boyang102,2025-10-13,18:25:05,-07:00,2025-10-13T18:25:05-07:00,3,42
resume/index.html,16,html,4b2b92ac,boyang102,2025-10-13,18:25:05,-07:00,2025-10-13T18:25:05-07:00,3,23
resume/index.html,17,html,4b2b92ac,boyang102,2025-10-13,18:25:05,-07:00,2025-10-13T18:25:05-07:00,3,99
resume/index.html,18,html,4b2b92ac,boyang102,2025-10-13,18:25:05,-07:00,2025-10-13T18:25:05-07:00,2,8
resume/index.html,19,html,250372e6,boyang102,2025-09-30,17:02:26,-07:00,2025-09-30T17:02:26-07:00,0,0
resume/index.html,20,html,4b2b92ac,boyang102,2025-10-13,18:25:05,-07:00,2025-10-13T18:25:05-07:00,2,7
resume/index.html,21,html,4b2b92ac,boyang102,2025-10-13,18:25:05,-07:00,2025-10-13T18:25:05-07:00,3,42
resume/index.html,22,html,4b2b92ac,boyang102,2025-10-13,18:25:05,-07:00,2025-10-13T18:25:05-07:00,3,44
resume/index.html,23,html,4b2b92ac,boyang102,2025-10-13,18:25:05,-07:00,2025-10-13T18:25:05-07:00,3,88
resume/index.html,24,html,4b2b92ac,boyang102,2025-10-13,18:25:05,-07:00,2025-10-13T18:25:05-07:00,2,8
resume/index.html,25,html,4b2b92ac,boyang102,2025-10-13,18:25:05,-07:00,2025-10-13T18:25:05-07:00,1,8
resume/index.html,26,html,250372e6,boyang102,2025-09-30,17:02:26,-07:00,2025-09-30T17:02:26-07:00,0,0
resume/index.html,27,html,4b2b92ac,boyang102,2025-10-13,18:25:05,-07:00,2025-10-13T18:25:05-07:00,1,7
resume/index.html,28,html,4b2b92ac,boyang102,2025-10-13,18:25:05,-07:00,2025-10-13T18:25:05-07:00,2,22
resume/index.html,29,html,4b2b92ac,boyang102,2025-10-13,18:25:05,-07:00,2025-10-13T18:25:05-07:00,2,7
resume/index.html,30,html,4b2b92ac,boyang102,2025-10-13,18:25:05,-07:00,2025-10-13T18:25:05-07:00,3,53
resume/index.html,31,html,4b2b92ac,boyang102,2025-10-13,18:25:05,-07:00,2025-10-13T18:25:05-07:00,3,88
resume/index.html,32,html,4b2b92ac,boyang102,2025-10-13,18:25:05,-07:00,2025-10-13T18:25:05-07:00,3,2
resume/index.html,33,html,4b2b92ac,boyang102,2025-10-13,18:25:05,-07:00,2025-10-13T18:25:05-07:00,4,61
resume/index.html,34,html,4b2b92ac,boyang102,2025-10-13,18:25:05,-07:00,2025-10-13T18:25:05-07:00,4,55
resume/index.html,35,html,4b2b92ac,boyang102,2025-10-13,18:25:05,-07:00,2025-10-13T18:25:05-07:00,3,3
resume/index.html,36,html,4b2b92ac,boyang102,2025-10-13,18:25:05,-07:00,2025-10-13T18:25:05-07:00,2,8
resume/index.html,37,html,250372e6,boyang102,2025-09-30,17:02:26,-07:00,2025-09-30T17:02:26-07:00,0,0
resume/index.html,38,html,4b2b92ac,boyang102,2025-10-13,18:25:05,-07:00,2025-10-13T18:25:05-07:00,2,7
resume/index.html,39,html,4b2b92ac,boyang102,2025-10-13,18:25:05,-07:00,2025-10-13T18:25:05-07:00,3,40
resume/index.html,40,html,4b2b92ac,boyang102,2025-10-13,18:25:05,-07:00,2025-10-13T18:25:05-07:00,3,88
resume/index.html,41,html,4b2b92ac,boyang102,2025-10-13,18:25:05,-07:00,2025-10-13T18:25:05-07:00,3,2
resume/index.html,42,html,4b2b92ac,boyang102,2025-10-13,18:25:05,-07:00,2025-10-13T18:25:05-07:00,4,53
resume/index.html,43,html,4b2b92ac,boyang102,2025-10-13,18:25:05,-07:00,2025-10-13T18:25:05-07:00,3,3
resume/index.html,44,html,4b2b92ac,boyang102,2025-10-13,18:25:05,-07:00,2025-10-13T18:25:05-07:00,2,8
resume/index.html,45,html,4b2b92ac,boyang102,2025-10-13,18:25:05,-07:00,2025-10-13T18:25:05-07:00,1,8
resume/index.html,46,html,250372e6,boyang102,2025-09-30,17:02:26,-07:00,2025-09-30T17:02:26-07:00,0,0
resume/index.html,47,html,4b2b92ac,boyang102,2025-10-13,18:25:05,-07:00,2025-10-13T18:25:05-07:00,1,7
resume/index.html,48,html,4b2b92ac,boyang102,2025-10-13,18:25:05,-07:00,2025-10-13T18:25:05-07:00,2,13
resume/index.html,49,html,4b2b92ac,boyang102,2025-10-13,18:25:05,-07:00,2025-10-13T18:25:05-07:00,2,2
resume/index.html,50,html,4b2b92ac,boyang102,2025-10-13,18:25:05,-07:00,2025-10-13T18:25:05-07:00,3,34
resume/index.html,51,html,4b2b92ac,boyang102,2025-10-13,18:25:05,-07:00,2025-10-13T18:25:05-07:00,3,38
resume/index.html,52,html,4b2b92ac,boyang102,2025-10-13,18:25:05,-07:00,2025-10-13T18:25:05-07:00,3,68
resume/index.html,53,html,4b2b92ac,boyang102,2025-10-13,18:25:05,-07:00,2025-10-13T18:25:05-07:00,2,3
resume/index.html,54,html,4b2b92ac,boyang102,2025-10-13,18:25:05,-07:00,2025-10-13T18:25:05-07:00,1,8
resume/index.html,55,html,250372e6,boyang102,2025-09-30,17:02:26,-07:00,2025-09-30T17:02:26-07:00,0,0
resume/index.html,56,html,4b2b92ac,boyang102,2025-10-13,18:25:05,-07:00,2025-10-13T18:25:05-07:00,1,7
resume/index.html,57,html,4b2b92ac,boyang102,2025-10-13,18:25:05,-07:00,2025-10-13T18:25:05-07:00,2,14
resume/index.html,58,html,4b2b92ac,boyang102,2025-10-13,18:25:05,-07:00,2025-10-13T18:25:05-07:00,2,27
resume/index.html,59,html,4b2b92ac,boyang102,2025-10-13,18:25:05,-07:00,2025-10-13T18:25:05-07:00,2,81
resume/index.html,60,html,4b2b92ac,boyang102,2025-10-13,18:25:05,-07:00,2025-10-13T18:25:05-07:00,1,8
resume/index.html,61,html,250372e6,boyang102,2025-09-30,17:02:26,-07:00,2025-09-30T17:02:26-07:00,0,0
resume/index.html,62,html,4b2b92ac,boyang102,2025-10-13,18:25:05,-07:00,2025-10-13T18:25:05-07:00,1,48
resume/index.html,63,html,250372e6,boyang102,2025-09-30,17:02:26,-07:00,2025-09-30T17:02:26-07:00,0,5
resume/index.html,64,html,250372e6,boyang102,2025-09-30,17:02:26,-07:00,2025-09-30T17:02:26-07:00,0,5
projects/projects.js,1,js,883e8cbb,boyang102,2025-10-30,13:43:47,-07:00,2025-10-30T13:43:47-07:00,0,12
projects/projects.js,2,js,1f349f40,boyang102,2025-10-30,14:04:39,-07:00,2025-10-30T14:04:39-07:00,0,59
projects/projects.js,3,js,649d6c23,boyang102,2025-11-04,20:22:33,-08:00,2025-11-04T20:22:33-08:00,0,44
projects/projects.js,4,js,c2e537f0,boyang102,2025-10-21,14:23:17,-07:00,2025-10-21T14:23:17-07:00,0,0
projects/projects.js,5,js,cbe7b650,boyang102,2025-10-30,14:10:34,-07:00,2025-10-30T14:10:34-07:00,0,29
projects/projects.js,6,js,80ab467e,boyang102,2025-10-30,14:55:48,-07:00,2025-10-30T14:55:48-07:00,1,46
projects/projects.js,7,js,80ab467e,boyang102,2025-10-30,14:55:48,-07:00,2025-10-30T14:55:48-07:00,1,32
projects/projects.js,8,js,cbe7b650,boyang102,2025-10-30,14:10:34,-07:00,2025-10-30T14:10:34-07:00,0,0
projects/projects.js,9,js,fee29de1,boyang102,2025-10-30,14:37:29,-07:00,2025-10-30T14:37:29-07:00,1,60
projects/projects.js,10,js,fee29de1,boyang102,2025-10-30,14:37:29,-07:00,2025-10-30T14:37:29-07:00,1,55
projects/projects.js,11,js,80ab467e,boyang102,2025-10-30,14:55:48,-07:00,2025-10-30T14:55:48-07:00,0,0
projects/projects.js,12,js,fee29de1,boyang102,2025-10-30,14:37:29,-07:00,2025-10-30T14:37:29-07:00,1,42
projects/projects.js,13,js,fee29de1,boyang102,2025-10-30,14:37:29,-07:00,2025-10-30T14:37:29-07:00,1,34
projects/projects.js,14,js,fee29de1,boyang102,2025-10-30,14:37:29,-07:00,2025-10-30T14:37:29-07:00,1,49
projects/projects.js,15,js,073d7fd2,boyang102,2025-10-30,14:18:32,-07:00,2025-10-30T14:18:32-07:00,0,0
projects/projects.js,16,js,80ab467e,boyang102,2025-10-30,14:55:48,-07:00,2025-10-30T14:55:48-07:00,1,7
projects/projects.js,17,js,fee29de1,boyang102,2025-10-30,14:37:29,-07:00,2025-10-30T14:37:29-07:00,1,13
projects/projects.js,18,js,fbc47408,boyang102,2025-10-30,14:44:18,-07:00,2025-10-30T14:44:18-07:00,1,22
projects/projects.js,19,js,073d7fd2,boyang102,2025-10-30,14:18:32,-07:00,2025-10-30T14:18:32-07:00,0,0
projects/projects.js,20,js,80ab467e,boyang102,2025-10-30,14:55:48,-07:00,2025-10-30T14:55:48-07:00,1,10
projects/projects.js,21,js,80ab467e,boyang102,2025-10-30,14:55:48,-07:00,2025-10-30T14:55:48-07:00,1,24
projects/projects.js,22,js,80ab467e,boyang102,2025-10-30,14:55:48,-07:00,2025-10-30T14:55:48-07:00,2,58
projects/projects.js,23,js,80ab467e,boyang102,2025-10-30,14:55:48,-07:00,2025-10-30T14:55:48-07:00,2,14
projects/projects.js,24,js,80ab467e,boyang102,2025-10-30,14:55:48,-07:00,2025-10-30T14:55:48-07:00,2,62
projects/projects.js,25,js,80ab467e,boyang102,2025-10-30,14:55:48,-07:00,2025-10-30T14:55:48-07:00,2,76
projects/projects.js,26,js,80ab467e,boyang102,2025-10-30,14:55:48,-07:00,2025-10-30T14:55:48-07:00,1,0
projects/projects.js,27,js,80ab467e,boyang102,2025-10-30,14:55:48,-07:00,2025-10-30T14:55:48-07:00,0,0
projects/projects.js,28,js,80ab467e,boyang102,2025-10-30,14:55:48,-07:00,2025-10-30T14:55:48-07:00,1,12
projects/projects.js,29,js,80ab467e,boyang102,2025-10-30,14:55:48,-07:00,2025-10-30T14:55:48-07:00,1,30
projects/projects.js,30,js,80ab467e,boyang102,2025-10-30,14:55:48,-07:00,2025-10-30T14:55:48-07:00,2,35
projects/projects.js,31,js,80ab467e,boyang102,2025-10-30,14:55:48,-07:00,2025-10-30T14:55:48-07:00,2,27
projects/projects.js,32,js,80ab467e,boyang102,2025-10-30,14:55:48,-07:00,2025-10-30T14:55:48-07:00,3,9
projects/projects.js,33,js,80ab467e,boyang102,2025-10-30,14:55:48,-07:00,2025-10-30T14:55:48-07:00,4,57
projects/projects.js,34,js,80ab467e,boyang102,2025-10-30,14:55:48,-07:00,2025-10-30T14:55:48-07:00,5,13
projects/projects.js,35,js,80ab467e,boyang102,2025-10-30,14:55:48,-07:00,2025-10-30T14:55:48-07:00,3,35
projects/projects.js,36,js,80ab467e,boyang102,2025-10-30,14:55:48,-07:00,2025-10-30T14:55:48-07:00,3,73
projects/projects.js,37,js,80ab467e,boyang102,2025-10-30,14:55:48,-07:00,2025-10-30T14:55:48-07:00,3,25
projects/projects.js,38,js,80ab467e,boyang102,2025-10-30,14:55:48,-07:00,2025-10-30T14:55:48-07:00,2,1
projects/projects.js,39,js,fee29de1,boyang102,2025-10-30,14:37:29,-07:00,2025-10-30T14:37:29-07:00,1,0
projects/projects.js,40,js,073d7fd2,boyang102,2025-10-30,14:18:32,-07:00,2025-10-30T14:18:32-07:00,0,0
projects/projects.js,41,js,80ab467e,boyang102,2025-10-30,14:55:48,-07:00,2025-10-30T14:55:48-07:00,1,18
projects/projects.js,42,js,80ab467e,boyang102,2025-10-30,14:55:48,-07:00,2025-10-30T14:55:48-07:00,1,29
projects/projects.js,43,js,80ab467e,boyang102,2025-10-30,14:55:48,-07:00,2025-10-30T14:55:48-07:00,2,27
projects/projects.js,44,js,80ab467e,boyang102,2025-10-30,14:55:48,-07:00,2025-10-30T14:55:48-07:00,2,47
projects/projects.js,45,js,80ab467e,boyang102,2025-10-30,14:55:48,-07:00,2025-10-30T14:55:48-07:00,2,50
projects/projects.js,46,js,80ab467e,boyang102,2025-10-30,14:55:48,-07:00,2025-10-30T14:55:48-07:00,0,0
projects/projects.js,47,js,80ab467e,boyang102,2025-10-30,14:55:48,-07:00,2025-10-30T14:55:48-07:00,2,3
projects/projects.js,48,js,fbc47408,boyang102,2025-10-30,14:44:18,-07:00,2025-10-30T14:44:18-07:00,2,26
projects/projects.js,49,js,fbc47408,boyang102,2025-10-30,14:44:18,-07:00,2025-10-30T14:44:18-07:00,2,29
projects/projects.js,50,js,5b674fd5,boyang102,2025-10-30,14:40:37,-07:00,2025-10-30T14:40:37-07:00,0,0
projects/projects.js,51,js,80ab467e,boyang102,2025-10-30,14:55:48,-07:00,2025-10-30T14:55:48-07:00,2,4
projects/projects.js,52,js,80ab467e,boyang102,2025-10-30,14:55:48,-07:00,2025-10-30T14:55:48-07:00,2,15
projects/projects.js,53,js,fbc47408,boyang102,2025-10-30,14:44:18,-07:00,2025-10-30T14:44:18-07:00,3,16
projects/projects.js,54,js,80ab467e,boyang102,2025-10-30,14:55:48,-07:00,2025-10-30T14:55:48-07:00,3,10
projects/projects.js,55,js,80ab467e,boyang102,2025-10-30,14:55:48,-07:00,2025-10-30T14:55:48-07:00,3,6
projects/projects.js,56,js,80ab467e,boyang102,2025-10-30,14:55:48,-07:00,2025-10-30T14:55:48-07:00,3,13
projects/projects.js,57,js,80ab467e,boyang102,2025-10-30,14:55:48,-07:00,2025-10-30T14:55:48-07:00,3,13
projects/projects.js,58,js,fbc47408,boyang102,2025-10-30,14:44:18,-07:00,2025-10-30T14:44:18-07:00,3,32
projects/projects.js,59,js,fbc47408,boyang102,2025-10-30,14:44:18,-07:00,2025-10-30T14:44:18-07:00,3,22
projects/projects.js,60,js,fbc47408,boyang102,2025-10-30,14:44:18,-07:00,2025-10-30T14:44:18-07:00,3,24
projects/projects.js,61,js,80ab467e,boyang102,2025-10-30,14:55:48,-07:00,2025-10-30T14:55:48-07:00,3,25
projects/projects.js,62,js,80ab467e,boyang102,2025-10-30,14:55:48,-07:00,2025-10-30T14:55:48-07:00,3,26
projects/projects.js,63,js,80ab467e,boyang102,2025-10-30,14:55:48,-07:00,2025-10-30T14:55:48-07:00,3,28
projects/projects.js,64,js,80ab467e,boyang102,2025-10-30,14:55:48,-07:00,2025-10-30T14:55:48-07:00,4,41
projects/projects.js,65,js,80ab467e,boyang102,2025-10-30,14:55:48,-07:00,2025-10-30T14:55:48-07:00,4,33
projects/projects.js,66,js,80ab467e,boyang102,2025-10-30,14:55:48,-07:00,2025-10-30T14:55:48-07:00,3,0
projects/projects.js,67,js,80ab467e,boyang102,2025-10-30,14:55:48,-07:00,2025-10-30T14:55:48-07:00,3,27
projects/projects.js,68,js,80ab467e,boyang102,2025-10-30,14:55:48,-07:00,2025-10-30T14:55:48-07:00,4,39
projects/projects.js,69,js,80ab467e,boyang102,2025-10-30,14:55:48,-07:00,2025-10-30T14:55:48-07:00,3,0
projects/projects.js,70,js,fbc47408,boyang102,2025-10-30,14:44:18,-07:00,2025-10-30T14:44:18-07:00,3,22
projects/projects.js,71,js,80ab467e,boyang102,2025-10-30,14:55:48,-07:00,2025-10-30T14:55:48-07:00,4,21
projects/projects.js,72,js,80ab467e,boyang102,2025-10-30,14:55:48,-07:00,2025-10-30T14:55:48-07:00,4,43
projects/projects.js,73,js,80ab467e,boyang102,2025-10-30,14:55:48,-07:00,2025-10-30T14:55:48-07:00,4,18
projects/projects.js,74,js,fbc47408,boyang102,2025-10-30,14:44:18,-07:00,2025-10-30T14:44:18-07:00,3,1
projects/projects.js,75,js,073d7fd2,boyang102,2025-10-30,14:18:32,-07:00,2025-10-30T14:18:32-07:00,0,0
projects/projects.js,76,js,80ab467e,boyang102,2025-10-30,14:55:48,-07:00,2025-10-30T14:55:48-07:00,2,4
projects/projects.js,77,js,80ab467e,boyang102,2025-10-30,14:55:48,-07:00,2025-10-30T14:55:48-07:00,2,18
projects/projects.js,78,js,fbc47408,boyang102,2025-10-30,14:44:18,-07:00,2025-10-30T14:44:18-07:00,3,14
projects/projects.js,79,js,fbc47408,boyang102,2025-10-30,14:44:18,-07:00,2025-10-30T14:44:18-07:00,3,9
projects/projects.js,80,js,80ab467e,boyang102,2025-10-30,14:55:48,-07:00,2025-10-30T14:55:48-07:00,3,6
projects/projects.js,81,js,80ab467e,boyang102,2025-10-30,14:55:48,-07:00,2025-10-30T14:55:48-07:00,3,11
projects/projects.js,82,js,fbc47408,boyang102,2025-10-30,14:44:18,-07:00,2025-10-30T14:44:18-07:00,3,46
projects/projects.js,83,js,80ab467e,boyang102,2025-10-30,14:55:48,-07:00,2025-10-30T14:55:48-07:00,3,65
projects/projects.js,84,js,80ab467e,boyang102,2025-10-30,14:55:48,-07:00,2025-10-30T14:55:48-07:00,3,90
projects/projects.js,85,js,80ab467e,boyang102,2025-10-30,14:55:48,-07:00,2025-10-30T14:55:48-07:00,3,25
projects/projects.js,86,js,80ab467e,boyang102,2025-10-30,14:55:48,-07:00,2025-10-30T14:55:48-07:00,3,26
projects/projects.js,87,js,80ab467e,boyang102,2025-10-30,14:55:48,-07:00,2025-10-30T14:55:48-07:00,4,18
projects/projects.js,88,js,80ab467e,boyang102,2025-10-30,14:55:48,-07:00,2025-10-30T14:55:48-07:00,4,63
projects/projects.js,89,js,80ab467e,boyang102,2025-10-30,14:55:48,-07:00,2025-10-30T14:55:48-07:00,3,0
projects/projects.js,90,js,80ab467e,boyang102,2025-10-30,14:55:48,-07:00,2025-10-30T14:55:48-07:00,3,45
projects/projects.js,91,js,fbc47408,boyang102,2025-10-30,14:44:18,-07:00,2025-10-30T14:44:18-07:00,3,22
projects/projects.js,92,js,fbc47408,boyang102,2025-10-30,14:44:18,-07:00,2025-10-30T14:44:18-07:00,4,55
projects/projects.js,93,js,80ab467e,boyang102,2025-10-30,14:55:48,-07:00,2025-10-30T14:55:48-07:00,4,10
projects/projects.js,94,js,fbc47408,boyang102,2025-10-30,14:44:18,-07:00,2025-10-30T14:44:18-07:00,3,1
projects/projects.js,95,js,fbc47408,boyang102,2025-10-30,14:44:18,-07:00,2025-10-30T14:44:18-07:00,0,0
projects/projects.js,96,js,80ab467e,boyang102,2025-10-30,14:55:48,-07:00,2025-10-30T14:55:48-07:00,2,21
projects/projects.js,97,js,80ab467e,boyang102,2025-10-30,14:55:48,-07:00,2025-10-30T14:55:48-07:00,2,76
projects/projects.js,98,js,cbe7b650,boyang102,2025-10-30,14:10:34,-07:00,2025-10-30T14:10:34-07:00,1,0
projects/projects.js,99,js,fee29de1,boyang102,2025-10-30,14:37:29,-07:00,2025-10-30T14:37:29-07:00,0,0
projects/projects.js,100,js,80ab467e,boyang102,2025-10-30,14:55:48,-07:00,2025-10-30T14:55:48-07:00,1,10
projects/projects.js,101,js,80ab467e,boyang102,2025-10-30,14:55:48,-07:00,2025-10-30T14:55:48-07:00,1,20
projects/projects.js,102,js,5b674fd5,boyang102,2025-10-30,14:40:37,-07:00,2025-10-30T14:40:37-07:00,2,37
projects/projects.js,103,js,fee29de1,boyang102,2025-10-30,14:37:29,-07:00,2025-10-30T14:37:29-07:00,2,48
projects/projects.js,104,js,fee29de1,boyang102,2025-10-30,14:37:29,-07:00,2025-10-30T14:37:29-07:00,2,23
projects/projects.js,105,js,fee29de1,boyang102,2025-10-30,14:37:29,-07:00,2025-10-30T14:37:29-07:00,1,0
projects/projects.js,106,js,fee29de1,boyang102,2025-10-30,14:37:29,-07:00,2025-10-30T14:37:29-07:00,0,0
projects/projects.js,107,js,80ab467e,boyang102,2025-10-30,14:55:48,-07:00,2025-10-30T14:55:48-07:00,1,26
projects/projects.js,108,js,80ab467e,boyang102,2025-10-30,14:55:48,-07:00,2025-10-30T14:55:48-07:00,1,21
projects/projects.js,109,js,80ab467e,boyang102,2025-10-30,14:55:48,-07:00,2025-10-30T14:55:48-07:00,2,27
projects/projects.js,110,js,80ab467e,boyang102,2025-10-30,14:55:48,-07:00,2025-10-30T14:55:48-07:00,2,10
projects/projects.js,111,js,80ab467e,boyang102,2025-10-30,14:55:48,-07:00,2025-10-30T14:55:48-07:00,1,0
projects/projects.js,112,js,80ab467e,boyang102,2025-10-30,14:55:48,-07:00,2025-10-30T14:55:48-07:00,1,46
projects/projects.js,113,js,80ab467e,boyang102,2025-10-30,14:55:48,-07:00,2025-10-30T14:55:48-07:00,1,47
projects/projects.js,114,js,fee29de1,boyang102,2025-10-30,14:37:29,-07:00,2025-10-30T14:37:29-07:00,0,0
projects/projects.js,115,js,80ab467e,boyang102,2025-10-30,14:55:48,-07:00,2025-10-30T14:55:48-07:00,1,5
projects/projects.js,116,js,fee29de1,boyang102,2025-10-30,14:37:29,-07:00,2025-10-30T14:37:29-07:00,1,48
projects/projects.js,117,js,fee29de1,boyang102,2025-10-30,14:37:29,-07:00,2025-10-30T14:37:29-07:00,1,23
projects/projects.js,118,js,cbe7b650,boyang102,2025-10-30,14:10:34,-07:00,2025-10-30T14:10:34-07:00,0,0
projects/projects.js,119,js,cbe7b650,boyang102,2025-10-30,14:10:34,-07:00,2025-10-30T14:10:34-07:00,0,0
projects/projects.js,120,js,cbe7b650,boyang102,2025-10-30,14:10:34,-07:00,2025-10-30T14:10:34-07:00,0,13
projects/index.html,1,html,250372e6,boyang102,2025-09-30,17:02:26,-07:00,2025-09-30T17:02:26-07:00,0,13
projects/index.html,2,html,250372e6,boyang102,2025-09-30,17:02:26,-07:00,2025-09-30T17:02:26-07:00,0,14
projects/index.html,3,html,250372e6,boyang102,2025-09-30,17:02:26,-07:00,2025-09-30T17:02:26-07:00,0,4
projects/index.html,4,html,4b2b92ac,boyang102,2025-10-13,18:25:05,-07:00,2025-10-13T18:25:05-07:00,1,22
projects/index.html,5,html,4b2b92ac,boyang102,2025-10-13,18:25:05,-07:00,2025-10-13T18:25:05-07:00,1,70
projects/index.html,6,html,4b2b92ac,boyang102,2025-10-13,18:25:05,-07:00,2025-10-13T18:25:05-07:00,1,35
projects/index.html,7,html,4b2b92ac,boyang102,2025-10-13,18:25:05,-07:00,2025-10-13T18:25:05-07:00,1,43
projects/index.html,8,html,250372e6,boyang102,2025-09-30,17:02:26,-07:00,2025-09-30T17:02:26-07:00,0,5
projects/index.html,9,html,250372e6,boyang102,2025-09-30,17:02:26,-07:00,2025-09-30T17:02:26-07:00,0,4
projects/index.html,10,html,fbc47408,boyang102,2025-10-30,14:44:18,-07:00,2025-10-30T14:44:18-07:00,1,16
projects/index.html,11,html,883e8cbb,boyang102,2025-10-30,13:43:47,-07:00,2025-10-30T13:43:47-07:00,1,41
projects/index.html,12,html,4b2b92ac,boyang102,2025-10-13,18:25:05,-07:00,2025-10-13T18:25:05-07:00,1,74
projects/index.html,13,html,250372e6,boyang102,2025-09-30,17:02:26,-07:00,2025-09-30T17:02:26-07:00,0,0
projects/index.html,14,html,fbc47408,boyang102,2025-10-30,14:44:18,-07:00,2025-10-30T14:44:18-07:00,1,28
projects/index.html,15,html,073d7fd2,boyang102,2025-10-30,14:18:32,-07:00,2025-10-30T14:18:32-07:00,1,27
projects/index.html,16,html,073d7fd2,boyang102,2025-10-30,14:18:32,-07:00,2025-10-30T14:18:32-07:00,2,58
projects/index.html,17,html,073d7fd2,boyang102,2025-10-30,14:18:32,-07:00,2025-10-30T14:18:32-07:00,2,22
projects/index.html,18,html,073d7fd2,boyang102,2025-10-30,14:18:32,-07:00,2025-10-30T14:18:32-07:00,1,4
projects/index.html,19,html,073d7fd2,boyang102,2025-10-30,14:18:32,-07:00,2025-10-30T14:18:32-07:00,0,0
projects/index.html,20,html,fbc47408,boyang102,2025-10-30,14:44:18,-07:00,2025-10-30T14:44:18-07:00,1,20
projects/index.html,21,html,073d7fd2,boyang102,2025-10-30,14:18:32,-07:00,2025-10-30T14:18:32-07:00,1,4
projects/index.html,22,html,073d7fd2,boyang102,2025-10-30,14:18:32,-07:00,2025-10-30T14:18:32-07:00,2,15
projects/index.html,23,html,073d7fd2,boyang102,2025-10-30,14:18:32,-07:00,2025-10-30T14:18:32-07:00,2,11
projects/index.html,24,html,073d7fd2,boyang102,2025-10-30,14:18:32,-07:00,2025-10-30T14:18:32-07:00,2,26
projects/index.html,25,html,073d7fd2,boyang102,2025-10-30,14:18:32,-07:00,2025-10-30T14:18:32-07:00,2,31
projects/index.html,26,html,073d7fd2,boyang102,2025-10-30,14:18:32,-07:00,2025-10-30T14:18:32-07:00,1,0
projects/index.html,27,html,883e8cbb,boyang102,2025-10-30,13:43:47,-07:00,2025-10-30T13:43:47-07:00,0,0
projects/index.html,28,html,fbc47408,boyang102,2025-10-30,14:44:18,-07:00,2025-10-30T14:44:18-07:00,1,23
projects/index.html,29,html,c2e537f0,boyang102,2025-10-21,14:23:17,-07:00,2025-10-21T14:23:17-07:00,1,26
projects/index.html,30,html,21fd5185,boyang102,2025-10-07,18:34:57,-07:00,2025-10-07T18:34:57-07:00,0,0
projects/index.html,31,html,fbc47408,boyang102,2025-10-30,14:44:18,-07:00,2025-10-30T14:44:18-07:00,1,18
projects/index.html,32,html,259d2c9e,boyang102,2025-10-21,14:40:38,-07:00,2025-10-21T14:40:38-07:00,1,48
projects/index.html,33,html,c2e537f0,boyang102,2025-10-21,14:23:17,-07:00,2025-10-21T14:23:17-07:00,1,49
projects/index.html,34,html,250372e6,boyang102,2025-09-30,17:02:26,-07:00,2025-09-30T17:02:26-07:00,0,5
projects/index.html,35,html,259d2c9e,boyang102,2025-10-21,14:40:38,-07:00,2025-10-21T14:40:38-07:00,0,5
meta/index.html,1,html,d63c6f79,boyang102,2025-11-05,09:10:33,-08:00,2025-11-05T09:10:33-08:00,0,13
meta/index.html,2,html,d63c6f79,boyang102,2025-11-05,09:10:33,-08:00,2025-11-05T09:10:33-08:00,0,14
meta/index.html,3,html,d63c6f79,boyang102,2025-11-05,09:10:33,-08:00,2025-11-05T09:10:33-08:00,0,4
meta/index.html,4,html,d63c6f79,boyang102,2025-11-05,09:10:33,-08:00,2025-11-05T09:10:33-08:00,1,22
meta/index.html,5,html,d63c6f79,boyang102,2025-11-05,09:10:33,-08:00,2025-11-05T09:10:33-08:00,1,70
meta/index.html,6,html,d63c6f79,boyang102,2025-11-05,09:10:33,-08:00,2025-11-05T09:10:33-08:00,1,26
meta/index.html,7,html,d63c6f79,boyang102,2025-11-05,09:10:33,-08:00,2025-11-05T09:10:33-08:00,1,43
meta/index.html,8,html,d63c6f79,boyang102,2025-11-05,09:10:33,-08:00,2025-11-05T09:10:33-08:00,0,5
meta/index.html,9,html,d63c6f79,boyang102,2025-11-05,09:10:33,-08:00,2025-11-05T09:10:33-08:00,0,4
meta/index.html,10,html,d63c6f79,boyang102,2025-11-05,09:10:33,-08:00,2025-11-05T09:10:33-08:00,1,35
meta/index.html,11,html,d63c6f79,boyang102,2025-11-05,09:10:33,-08:00,2025-11-05T09:10:33-08:00,1,65
meta/index.html,12,html,d63c6f79,boyang102,2025-11-05,09:10:33,-08:00,2025-11-05T09:10:33-08:00,0,5
meta/index.html,13,html,d63c6f79,boyang102,2025-11-05,09:10:33,-08:00,2025-11-05T09:10:33-08:00,0,5
contact/index.html,1,html,250372e6,boyang102,2025-09-30,17:02:26,-07:00,2025-09-30T17:02:26-07:00,0,13
contact/index.html,2,html,250372e6,boyang102,2025-09-30,17:02:26,-07:00,2025-09-30T17:02:26-07:00,0,14
contact/index.html,3,html,250372e6,boyang102,2025-09-30,17:02:26,-07:00,2025-09-30T17:02:26-07:00,0,4
contact/index.html,4,html,4b2b92ac,boyang102,2025-10-13,18:25:05,-07:00,2025-10-13T18:25:05-07:00,1,22
contact/index.html,5,html,4b2b92ac,boyang102,2025-10-13,18:25:05,-07:00,2025-10-13T18:25:05-07:00,1,70
contact/index.html,6,html,4b2b92ac,boyang102,2025-10-13,18:25:05,-07:00,2025-10-13T18:25:05-07:00,1,34
contact/index.html,7,html,4b2b92ac,boyang102,2025-10-13,18:25:05,-07:00,2025-10-13T18:25:05-07:00,1,43
contact/index.html,8,html,250372e6,boyang102,2025-09-30,17:02:26,-07:00,2025-09-30T17:02:26-07:00,0,5
contact/index.html,9,html,250372e6,boyang102,2025-09-30,17:02:26,-07:00,2025-09-30T17:02:26-07:00,0,4
contact/index.html,10,html,4b2b92ac,boyang102,2025-10-13,18:25:05,-07:00,2025-10-13T18:25:05-07:00,1,17
contact/index.html,11,html,4b2b92ac,boyang102,2025-10-13,18:25:05,-07:00,2025-10-13T18:25:05-07:00,1,47
contact/index.html,12,html,250372e6,boyang102,2025-09-30,17:02:26,-07:00,2025-09-30T17:02:26-07:00,0,0
contact/index.html,13,html,0fbd42f6,boyang102,2025-10-13,18:42:52,-07:00,2025-10-13T18:42:52-07:00,1,49
contact/index.html,14,html,4b2b92ac,boyang102,2025-10-13,18:25:05,-07:00,2025-10-13T18:25:05-07:00,2,33
contact/index.html,15,html,4b2b92ac,boyang102,2025-10-13,18:25:05,-07:00,2025-10-13T18:25:05-07:00,2,50
contact/index.html,16,html,250372e6,boyang102,2025-09-30,17:02:26,-07:00,2025-09-30T17:02:26-07:00,0,0
contact/index.html,17,html,4b2b92ac,boyang102,2025-10-13,18:25:05,-07:00,2025-10-13T18:25:05-07:00,2,35
contact/index.html,18,html,4b2b92ac,boyang102,2025-10-13,18:25:05,-07:00,2025-10-13T18:25:05-07:00,2,53
contact/index.html,19,html,250372e6,boyang102,2025-09-30,17:02:26,-07:00,2025-09-30T17:02:26-07:00,0,0
contact/index.html,20,html,4b2b92ac,boyang102,2025-10-13,18:25:05,-07:00,2025-10-13T18:25:05-07:00,2,34
contact/index.html,21,html,4b2b92ac,boyang102,2025-10-13,18:25:05,-07:00,2025-10-13T18:25:05-07:00,2,65
contact/index.html,22,html,250372e6,boyang102,2025-09-30,17:02:26,-07:00,2025-09-30T17:02:26-07:00,0,0
contact/index.html,23,html,4b2b92ac,boyang102,2025-10-13,18:25:05,-07:00,2025-10-13T18:25:05-07:00,2,33
contact/index.html,24,html,4b2b92ac,boyang102,2025-10-13,18:25:05,-07:00,2025-10-13T18:25:05-07:00,1,5
contact/index.html,25,html,250372e6,boyang102,2025-09-30,17:02:26,-07:00,2025-09-30T17:02:26-07:00,0,0
contact/index.html,26,html,4b2b92ac,boyang102,2025-10-13,18:25:05,-07:00,2025-10-13T18:25:05-07:00,1,48
contact/index.html,27,html,250372e6,boyang102,2025-09-30,17:02:26,-07:00,2025-09-30T17:02:26-07:00,0,5
contact/index.html,28,html,250372e6,boyang102,2025-09-30,17:02:26,-07:00,2025-09-30T17:02:26-07:00,0,5
